Crop,Crop_Year,Season,State,Area,Production,Annual_Rainfall,Fertilizer,Pesticide,Yield,N,P,K,temperature,humidity,ph,Rainfall_Required
pigeonpeas,2000,Kharif,Andhra Pradesh,507366.0,216457,935.6,49808120.22,131915.16,0.433181818,20.73,67.73,20.29,27.7417622259,48.0616330847,5.794174879790001,149.4575638135
pigeonpeas,2000,Rabi,Andhra Pradesh,6098.0,2701,935.6,598640.66,1585.48,0.42375,20.73,67.73,20.29,27.7417622259,48.0616330847,5.794174879790001,149.4575638135
mothbeans,2000,Kharif,Andhra Pradesh,129475.0,135964,935.6,12710560.75,33663.5,1.001666667,21.44,48.01,20.23,28.1949204842,53.16041802790001,6.83117408269,51.198487045700006
mothbeans,2000,Rabi,Andhra Pradesh,14229.0,12524,935.6,1396860.93,3699.54,0.883125,21.44,48.01,20.23,28.1949204842,53.16041802790001,6.83117408269,51.198487045700006
banana,2000,Whole Year,Andhra Pradesh,49051.0,819660,935.6,4815336.67,12753.26,17.63090909,100.23,82.01,50.05,27.3767983057,80.35812258109999,5.98389318024,104.6269804001
coconut,2000,Whole Year,Andhra Pradesh,102646.0,1092707179,935.6,10076757.82,26687.96,9101.813684,21.98,16.93,30.59,27.4098921723,94.84427180610001,5.97656212619,175.686645804
cotton,2000,Kharif,Andhra Pradesh,1021721.0,1662683,935.6,100302350.6,265647.46,1.687727273,117.77,46.24,19.56,23.988957895200002,79.8434742538,6.91267549578,80.3980431193
maize,2000,Kharif,Andhra Pradesh,430544.0,1107165,935.6,42266504.48,111941.44,2.564545455,77.76,48.44,19.79,22.3892039102,65.0922494467,6.2451897224,84.766987663
maize,2000,Rabi,Andhra Pradesh,97123.0,473602,935.6,9534564.91,25251.98,5.019545455,77.76,48.44,19.79,22.3892039102,65.0922494467,6.2451897224,84.766987663
mungbean,2000,Kharif,Andhra Pradesh,392017.0,141194,935.6,38484308.89,101924.42,0.404090909,20.99,47.28,19.87,28.5257747353,85.49997454300001,6.72395694037,48.403600902899996
mungbean,2000,Rabi,Andhra Pradesh,128365.0,43016,935.6,12601592.05,33374.9,0.371578947,20.99,47.28,19.87,28.5257747353,85.49997454300001,6.72395694037,48.403600902899996
rice,2000,Kharif,Andhra Pradesh,3003673.0,8233806,935.6,294870578.4,780954.98,2.7,79.89,47.58,39.87,23.6893322105,82.2728215389,6.425470922140001,236.181113594
rice,2000,Rabi,Andhra Pradesh,1239053.0,4224208,935.6,121637833.0,322153.78,2.939090909,79.89,47.58,39.87,23.6893322105,82.2728215389,6.425470922140001,236.181113594
blackgram,2000,Kharif,Andhra Pradesh,99423.0,28296,935.6,9760355.91,25849.98,0.1615,40.02,67.47,19.24,29.9733396789,65.1184255887,7.13395162948,67.8841511832
blackgram,2000,Rabi,Andhra Pradesh,455864.0,362283,935.6,44752168.88,118524.64,0.655454545,40.02,67.47,19.24,29.9733396789,65.1184255887,7.13395162948,67.8841511832
pigeonpeas,2001,Kharif,Andhra Pradesh,414401.0,185620,928.4,42322774.13,107744.26,0.465,20.73,67.73,20.29,27.7417622259,48.0616330847,5.794174879790001,149.4575638135
pigeonpeas,2001,Rabi,Andhra Pradesh,5439.0,2706,928.4,555485.07,1414.14,0.46,20.73,67.73,20.29,27.7417622259,48.0616330847,5.794174879790001,149.4575638135
mothbeans,2001,Kharif,Andhra Pradesh,81851.0,63589,928.4,8359442.63,21281.26,0.851764706,21.44,48.01,20.23,28.1949204842,53.16041802790001,6.83117408269,51.198487045700006
mothbeans,2001,Rabi,Andhra Pradesh,9684.0,7442,928.4,989026.92,2517.84,0.795,21.44,48.01,20.23,28.1949204842,53.16041802790001,6.83117408269,51.198487045700006
banana,2001,Whole Year,Andhra Pradesh,50507.0,761365,928.4,5158279.91,13131.82,11.73363636,100.23,82.01,50.05,27.3767983057,80.35812258109999,5.98389318024,104.6269804001
coconut,2001,Whole Year,Andhra Pradesh,104244.0,1124969850,928.4,10646439.72,27103.44,9057.671111,21.98,16.93,30.59,27.4098921723,94.84427180610001,5.97656212619,175.686645804
cotton,2001,Kharif,Andhra Pradesh,1107852.0,1876698,928.4,113144924.8,288041.52,1.820454545,117.77,46.24,19.56,23.988957895200002,79.8434742538,6.91267549578,80.3980431193
maize,2001,Kharif,Andhra Pradesh,337533.0,986011,928.4,34472245.29,87758.58,2.801818182,77.76,48.44,19.79,22.3892039102,65.0922494467,6.2451897224,84.766987663
maize,2001,Rabi,Andhra Pradesh,90752.0,470744,928.4,9268501.76,23595.52,5.592857143,77.76,48.44,19.79,22.3892039102,65.0922494467,6.2451897224,84.766987663
mungbean,2001,Kharif,Andhra Pradesh,338337.0,113312,928.4,34554357.81,87967.62,0.408636364,20.99,47.28,19.87,28.5257747353,85.49997454300001,6.72395694037,48.403600902899996
mungbean,2001,Rabi,Andhra Pradesh,137698.0,42031,928.4,14063096.74,35801.48,0.351,20.99,47.28,19.87,28.5257747353,85.49997454300001,6.72395694037,48.403600902899996
rice,2001,Kharif,Andhra Pradesh,2426073.0,6500545,928.4,247774835.5,630778.98,2.627272727,79.89,47.58,39.87,23.6893322105,82.2728215389,6.425470922140001,236.181113594
rice,2001,Rabi,Andhra Pradesh,1398674.0,4889246,928.4,142846575.6,363655.24,3.025909091,79.89,47.58,39.87,23.6893322105,82.2728215389,6.425470922140001,236.181113594
blackgram,2001,Kharif,Andhra Pradesh,107061.0,44570,928.4,10934139.93,27835.86,0.388095238,40.02,67.47,19.24,29.9733396789,65.1184255887,7.13395162948,67.8841511832
blackgram,2001,Rabi,Andhra Pradesh,519831.0,338499,928.4,53090340.03,135156.06,0.439545455,40.02,67.47,19.24,29.9733396789,65.1184255887,7.13395162948,67.8841511832
pigeonpeas,2002,Kharif,Andhra Pradesh,423436.0,147361,648.1,40086686.12,105859.0,0.337727273,20.73,67.73,20.29,27.7417622259,48.0616330847,5.794174879790001,149.4575638135
pigeonpeas,2002,Rabi,Andhra Pradesh,8200.0,3004,648.1,776294.0,2050.0,0.299333333,20.73,67.73,20.29,27.7417622259,48.0616330847,5.794174879790001,149.4575638135
mothbeans,2002,Kharif,Andhra Pradesh,79711.0,53526,648.1,7546240.37,19927.75,0.706470588,21.44,48.01,20.23,28.1949204842,53.16041802790001,6.83117408269,51.198487045700006
mothbeans,2002,Rabi,Andhra Pradesh,7268.0,3953,648.1,688061.56,1817.0,0.594285714,21.44,48.01,20.23,28.1949204842,53.16041802790001,6.83117408269,51.198487045700006
banana,2002,Whole Year,Andhra Pradesh,39354.0,1027659,648.1,3725643.18,9838.5,26.83952381,100.23,82.01,50.05,27.3767983057,80.35812258109999,5.98389318024,104.6269804001
coconut,2002,Whole Year,Andhra Pradesh,105291.0,1158625735,648.1,9967898.97,26322.75,9202.625556,21.98,16.93,30.59,27.4098921723,94.84427180610001,5.97656212619,175.686645804
cotton,2002,Kharif,Andhra Pradesh,803274.0,1085739,648.1,76045949.58,200818.5,1.455238095,117.77,46.24,19.56,23.988957895200002,79.8434742538,6.91267549578,80.3980431193
maize,2002,Kharif,Andhra Pradesh,413659.0,912047,648.1,39161097.53,103414.75,1.491363636,77.76,48.44,19.79,22.3892039102,65.0922494467,6.2451897224,84.766987663
maize,2002,Rabi,Andhra Pradesh,111990.0,573695,648.1,10602093.3,27997.5,5.602272727,77.76,48.44,19.79,22.3892039102,65.0922494467,6.2451897224,84.766987663
mungbean,2002,Kharif,Andhra Pradesh,355292.0,87862,648.1,33635493.64,88823.0,0.217272727,20.99,47.28,19.87,28.5257747353,85.49997454300001,6.72395694037,48.403600902899996
mungbean,2002,Rabi,Andhra Pradesh,118162.0,30110,648.1,11186396.54,29540.5,0.291,20.99,47.28,19.87,28.5257747353,85.49997454300001,6.72395694037,48.403600902899996
rice,2002,Kharif,Andhra Pradesh,2109301.0,5054013,648.1,199687525.7,527325.25,2.202727273,79.89,47.58,39.87,23.6893322105,82.2728215389,6.425470922140001,236.181113594
rice,2002,Rabi,Andhra Pradesh,712766.0,2272773,648.1,67477557.22,178191.5,2.533636364,79.89,47.58,39.87,23.6893322105,82.2728215389,6.425470922140001,236.181113594
blackgram,2002,Kharif,Andhra Pradesh,110160.0,45241,648.1,10428847.2,27540.0,0.240454545,40.02,67.47,19.24,29.9733396789,65.1184255887,7.13395162948,67.8841511832
blackgram,2002,Rabi,Andhra Pradesh,584271.0,330894,648.1,55312935.57,146067.75,0.386666667,40.02,67.47,19.24,29.9733396789,65.1184255887,7.13395162948,67.8841511832
pigeonpeas,2002,Kharif,Tamil Nadu,44127.0,24067,315.9,4177503.09,11031.75,0.535416667,20.73,67.73,20.29,27.7417622259,48.0616330847,5.794174879790001,149.4575638135
mothbeans,2002,Kharif,Tamil Nadu,102020.0,88682,315.9,9658233.4,25505.0,1.041666667,21.44,48.01,20.23,28.1949204842,53.16041802790001,6.83117408269,51.198487045700006
banana,2002,Whole Year,Tamil Nadu,76771.0,2836916,315.9,7267910.57,19192.75,34.81964286,100.23,82.01,50.05,27.3767983057,80.35812258109999,5.98389318024,104.6269804001
coconut,2002,Whole Year,Tamil Nadu,345825.0,2860700000,315.9,32739252.75,86456.25,8497.531111,21.98,16.93,30.59,27.4098921723,94.84427180610001,5.97656212619,175.686645804
cotton,2002,Kharif,Tamil Nadu,75572.0,83542,315.9,7154401.24,18893.0,1.429230769,117.77,46.24,19.56,23.988957895200002,79.8434742538,6.91267549578,80.3980431193
maize,2002,Kharif,Tamil Nadu,121057.0,191646,315.9,11460466.19,30264.25,1.806956522,77.76,48.44,19.79,22.3892039102,65.0922494467,6.2451897224,84.766987663
mungbean,2002,Kharif,Tamil Nadu,112812.0,48053,315.9,10679912.04,28203.0,0.411851852,20.99,47.28,19.87,28.5257747353,85.49997454300001,6.72395694037,48.403600902899996
rice,2002,Kharif,Tamil Nadu,1516537.0,3577108,315.9,143570557.8,379134.25,2.884642857,79.89,47.58,39.87,23.6893322105,82.2728215389,6.425470922140001,236.181113594
blackgram,2002,Kharif,Tamil Nadu,196888.0,78555,315.9,18639386.96,49222.0,0.422962963,40.02,67.47,19.24,29.9733396789,65.1184255887,7.13395162948,67.8841511832
pigeonpeas,2003,Kharif,Andhra Pradesh,513239.0,214657,826.0,50800396.22,123177.36,0.424090909,20.73,67.73,20.29,27.7417622259,48.0616330847,5.794174879790001,149.4575638135
pigeonpeas,2003,Rabi,Andhra Pradesh,7492.0,3246,826.0,741558.16,1798.08,0.41625,20.73,67.73,20.29,27.7417622259,48.0616330847,5.794174879790001,149.4575638135
mothbeans,2003,Kharif,Andhra Pradesh,128512.0,141628,826.0,12720117.76,30842.88,1.072631579,21.44,48.01,20.23,28.1949204842,53.16041802790001,6.83117408269,51.198487045700006
mothbeans,2003,Rabi,Andhra Pradesh,9603.0,6475,826.0,950504.94,2304.72,0.88375,21.44,48.01,20.23,28.1949204842,53.16041802790001,6.83117408269,51.198487045700006
banana,2003,Whole Year,Andhra Pradesh,38714.0,515379,826.0,3831911.72,9291.36,15.68263158,100.23,82.01,50.05,27.3767983057,80.35812258109999,5.98389318024,104.6269804001
coconut,2003,Whole Year,Andhra Pradesh,103965.0,1195079360,826.0,10290455.7,24951.6,9524.628235,21.98,16.93,30.59,27.4098921723,94.84427180610001,5.97656212619,175.686645804
cotton,2003,Kharif,Andhra Pradesh,836892.0,1890394,826.0,82835570.16,200854.08,2.137619048,117.77,46.24,19.56,23.988957895200002,79.8434742538,6.91267549578,80.3980431193
maize,2003,Kharif,Andhra Pradesh,557812.0,1671502,826.0,55212231.76,133874.88,2.420909091,77.76,48.44,19.79,22.3892039102,65.0922494467,6.2451897224,84.766987663
maize,2003,Rabi,Andhra Pradesh,162802.0,805284,826.0,16114141.96,39072.48,5.081818182,77.76,48.44,19.79,22.3892039102,65.0922494467,6.2451897224,84.766987663
mungbean,2003,Kharif,Andhra Pradesh,478726.0,244136,826.0,47384299.48,114894.24,0.495,20.99,47.28,19.87,28.5257747353,85.49997454300001,6.72395694037,48.403600902899996
mungbean,2003,Rabi,Andhra Pradesh,201785.0,68268,826.0,19972679.3,48428.4,0.353,20.99,47.28,19.87,28.5257747353,85.49997454300001,6.72395694037,48.403600902899996
rice,2003,Kharif,Andhra Pradesh,2108904.0,5841539,826.0,208739317.9,506136.96,2.670909091,79.89,47.58,39.87,23.6893322105,82.2728215389,6.425470922140001,236.181113594
rice,2003,Rabi,Andhra Pradesh,865734.0,3111263,826.0,85690351.32,207776.16,2.729090909,79.89,47.58,39.87,23.6893322105,82.2728215389,6.425470922140001,236.181113594
blackgram,2003,Kharif,Andhra Pradesh,95454.0,66827,826.0,9448036.92,22908.96,0.656363636,40.02,67.47,19.24,29.9733396789,65.1184255887,7.13395162948,67.8841511832
blackgram,2003,Rabi,Andhra Pradesh,343078.0,133336,826.0,33957860.44,82338.72,0.408,40.02,67.47,19.24,29.9733396789,65.1184255887,7.13395162948,67.8841511832
pigeonpeas,2003,Kharif,Tamil Nadu,44914.0,27475,345.6,4445587.72,10779.36,0.6396,20.73,67.73,20.29,27.7417622259,48.0616330847,5.794174879790001,149.4575638135
mothbeans,2003,Kharif,Tamil Nadu,158851.0,172342,345.6,15723071.98,38124.24,1.0744,21.44,48.01,20.23,28.1949204842,53.16041802790001,6.83117408269,51.198487045700006
banana,2003,Whole Year,Tamil Nadu,71088.0,2514729,345.6,7036290.24,17061.12,34.52965517,100.23,82.01,50.05,27.3767983057,80.35812258109999,5.98389318024,104.6269804001
coconut,2003,Whole Year,Tamil Nadu,352710.0,2560500000,345.6,34911235.8,84650.4,7781.805714,21.98,16.93,30.59,27.4098921723,94.84427180610001,5.97656212619,175.686645804
cotton,2003,Kharif,Tamil Nadu,97777.0,119687,345.6,9677967.46,23466.48,1.504615385,117.77,46.24,19.56,23.988957895200002,79.8434742538,6.91267549578,80.3980431193
maize,2003,Kharif,Tamil Nadu,160159.0,250992,345.6,15852537.82,38438.16,1.7856,77.76,48.44,19.79,22.3892039102,65.0922494467,6.2451897224,84.766987663
mungbean,2003,Kharif,Tamil Nadu,125690.0,53315,345.6,12440796.2,30165.6,0.407037037,20.99,47.28,19.87,28.5257747353,85.49997454300001,6.72395694037,48.403600902899996
rice,2003,Kharif,Tamil Nadu,1396651.0,3222776,345.6,138240516.0,335196.24,2.728214286,79.89,47.58,39.87,23.6893322105,82.2728215389,6.425470922140001,236.181113594
blackgram,2003,Kharif,Tamil Nadu,185732.0,75920,345.6,18383753.36,44575.68,0.412962963,40.02,67.47,19.24,29.9733396789,65.1184255887,7.13395162948,67.8841511832
pigeonpeas,2004,Kharif,Tamil Nadu,43416.0,28979,1034.0,4703689.44,9117.36,0.6684,20.73,67.73,20.29,27.7417622259,48.0616330847,5.794174879790001,149.4575638135
mothbeans,2004,Kharif,Tamil Nadu,97608.0,124300,1034.0,10574850.72,20497.68,1.408846154,21.44,48.01,20.23,28.1949204842,53.16041802790001,6.83117408269,51.198487045700006
banana,2004,Whole Year,Tamil Nadu,81498.0,3461788,1034.0,8829493.32,17114.58,41.73931034,100.23,82.01,50.05,27.3767983057,80.35812258109999,5.98389318024,104.6269804001
coconut,2004,Whole Year,Tamil Nadu,357056.0,4097000000,1034.0,38683447.04,74981.76,10877.70276,21.98,16.93,30.59,27.4098921723,94.84427180610001,5.97656212619,175.686645804
cotton,2004,Kharif,Tamil Nadu,129364.0,185960,1034.0,14015295.76,27166.44,1.571153846,117.77,46.24,19.56,23.988957895200002,79.8434742538,6.91267549578,80.3980431193
maize,2004,Kharif,Tamil Nadu,189893.0,294717,1034.0,20573007.62,39877.53,1.758846154,77.76,48.44,19.79,22.3892039102,65.0922494467,6.2451897224,84.766987663
mungbean,2004,Kharif,Tamil Nadu,154959.0,61760,1034.0,16788258.06,32541.39,0.417777778,20.99,47.28,19.87,28.5257747353,85.49997454300001,6.72395694037,48.403600902899996
rice,2004,Kharif,Tamil Nadu,1872822.0,5061622,1034.0,202901535.5,393292.62,3.015172414,79.89,47.58,39.87,23.6893322105,82.2728215389,6.425470922140001,236.181113594
blackgram,2004,Kharif,Tamil Nadu,226364.0,82998,1034.0,24524275.76,47536.44,0.4075,40.02,67.47,19.24,29.9733396789,65.1184255887,7.13395162948,67.8841511832
pigeonpeas,2005,Kharif,Andhra Pradesh,494523.0,300636,1075.5,59303198.16,103849.83,0.554545455,20.73,67.73,20.29,27.7417622259,48.0616330847,5.794174879790001,149.4575638135
mothbeans,2005,Kharif,Andhra Pradesh,68884.0,72401,1075.5,8260569.28,14465.64,0.941666667,21.44,48.01,20.23,28.1949204842,53.16041802790001,6.83117408269,51.198487045700006
mothbeans,2005,Rabi,Andhra Pradesh,12107.0,9751,1075.5,1451871.44,2542.47,0.952307692,21.44,48.01,20.23,28.1949204842,53.16041802790001,6.83117408269,51.198487045700006
banana,2005,Whole Year,Andhra Pradesh,45642.0,935517,1075.5,5473388.64,9584.82,23.9085,100.23,82.01,50.05,27.3767983057,80.35812258109999,5.98389318024,104.6269804001
coconut,2005,Whole Year,Andhra Pradesh,104438.0,891991928,1075.5,12524204.96,21931.98,7717.767778,21.98,16.93,30.59,27.4098921723,94.84427180610001,5.97656212619,175.686645804
cotton,2005,Kharif,Andhra Pradesh,1032629.0,2107984,1075.5,123832869.7,216852.09,1.727272727,117.77,46.24,19.56,23.988957895200002,79.8434742538,6.91267549578,80.3980431193
maize,2005,Kharif,Andhra Pradesh,593135.0,2098190,1075.5,71128749.2,124558.35,3.803636364,77.76,48.44,19.79,22.3892039102,65.0922494467,6.2451897224,84.766987663
maize,2005,Rabi,Andhra Pradesh,164827.0,988711,1075.5,19766053.84,34613.67,6.032272727,77.76,48.44,19.79,22.3892039102,65.0922494467,6.2451897224,84.766987663
mungbean,2005,Kharif,Andhra Pradesh,251959.0,122697,1075.5,30214923.28,52911.39,0.582272727,20.99,47.28,19.87,28.5257747353,85.49997454300001,6.72395694037,48.403600902899996
mungbean,2005,Rabi,Andhra Pradesh,132963.0,42623,1075.5,15944922.96,27922.23,0.448333333,20.99,47.28,19.87,28.5257747353,85.49997454300001,6.72395694037,48.403600902899996
rice,2005,Kharif,Andhra Pradesh,2526108.0,6376990,1075.5,302930871.4,530482.68,2.549090909,79.89,47.58,39.87,23.6893322105,82.2728215389,6.425470922140001,236.181113594
rice,2005,Rabi,Andhra Pradesh,1455643.0,5326634,1075.5,174560708.6,305685.03,3.132272727,79.89,47.58,39.87,23.6893322105,82.2728215389,6.425470922140001,236.181113594
blackgram,2005,Kharif,Andhra Pradesh,79206.0,33844,1075.5,9498383.52,16633.26,0.384761905,40.02,67.47,19.24,29.9733396789,65.1184255887,7.13395162948,67.8841511832
blackgram,2005,Rabi,Andhra Pradesh,341832.0,216227,1075.5,40992493.44,71784.72,0.621052632,40.02,67.47,19.24,29.9733396789,65.1184255887,7.13395162948,67.8841511832
pigeonpeas,2005,Kharif,Tamil Nadu,37769.0,20400,1364.1,4529258.48,7931.49,0.6375,20.73,67.73,20.29,27.7417622259,48.0616330847,5.794174879790001,149.4575638135
mothbeans,2005,Kharif,Tamil Nadu,81925.0,94799,1364.1,9824446.0,17204.25,1.3144,21.44,48.01,20.23,28.1949204842,53.16041802790001,6.83117408269,51.198487045700006
banana,2005,Whole Year,Tamil Nadu,94648.0,4647635,1364.1,11350188.16,19876.08,48.51965517,100.23,82.01,50.05,27.3767983057,80.35812258109999,5.98389318024,104.6269804001
coconut,2005,Whole Year,Tamil Nadu,370515.0,4867100000,1364.1,44432158.8,77808.15,11777.93172,21.98,16.93,30.59,27.4098921723,94.84427180610001,5.97656212619,175.686645804
cotton,2005,Kharif,Tamil Nadu,109742.0,168154,1364.1,13160260.64,23045.82,1.643703704,117.77,46.24,19.56,23.988957895200002,79.8434742538,6.91267549578,80.3980431193
maize,2005,Kharif,Tamil Nadu,202830.0,0,1364.1,24323373.6,42594.3,0.0,77.76,48.44,19.79,22.3892039102,65.0922494467,6.2451897224,84.766987663
mungbean,2005,Kharif,Tamil Nadu,136699.0,45881,1364.1,16392944.08,28706.79,0.383571429,20.99,47.28,19.87,28.5257747353,85.49997454300001,6.72395694037,48.403600902899996
rice,2005,Kharif,Tamil Nadu,2050455.0,5209433,1364.1,245890563.6,430595.55,2.895517241,79.89,47.58,39.87,23.6893322105,82.2728215389,6.425470922140001,236.181113594
blackgram,2005,Kharif,Tamil Nadu,215448.0,70758,1364.1,25836524.16,45244.08,0.403571429,40.02,67.47,19.24,29.9733396789,65.1184255887,7.13395162948,67.8841511832
pigeonpeas,2006,Kharif,Andhra Pradesh,395644.0,157669,845.2,50527695.24,87041.68,0.420454545,20.73,67.73,20.29,27.7417622259,48.0616330847,5.794174879790001,149.4575638135
pigeonpeas,2006,Rabi,Andhra Pradesh,5606.0,3174,845.2,715942.26,1233.32,0.433333333,20.73,67.73,20.29,27.7417622259,48.0616330847,5.794174879790001,149.4575638135
mothbeans,2006,Kharif,Andhra Pradesh,48995.0,39988,845.2,6257151.45,10778.9,0.7375,21.44,48.01,20.23,28.1949204842,53.16041802790001,6.83117408269,51.198487045700006
mothbeans,2006,Rabi,Andhra Pradesh,12081.0,6986,845.2,1542864.51,2657.82,0.824545455,21.44,48.01,20.23,28.1949204842,53.16041802790001,6.83117408269,51.198487045700006
banana,2006,Whole Year,Andhra Pradesh,50286.0,1224106,845.2,6422025.06,11062.92,26.19809524,100.23,82.01,50.05,27.3767983057,80.35812258109999,5.98389318024,104.6269804001
coconut,2006,Whole Year,Andhra Pradesh,105043.0,1326398065,845.2,13415041.53,23109.46,11710.48222,21.98,16.93,30.59,27.4098921723,94.84427180610001,5.97656212619,175.686645804
cotton,2006,Kharif,Andhra Pradesh,971806.0,2181944,845.2,124109344.3,213797.32,2.080952381,117.77,46.24,19.56,23.988957895200002,79.8434742538,6.91267549578,80.3980431193
maize,2006,Kharif,Andhra Pradesh,535709.0,1284991,845.2,68415396.39,117855.98,2.942727273,77.76,48.44,19.79,22.3892039102,65.0922494467,6.2451897224,84.766987663
maize,2006,Rabi,Andhra Pradesh,190172.0,1177003,845.2,24286866.12,41837.84,6.363181818,77.76,48.44,19.79,22.3892039102,65.0922494467,6.2451897224,84.766987663
mungbean,2006,Kharif,Andhra Pradesh,246320.0,80062,845.2,31457527.2,54190.4,0.312727273,20.99,47.28,19.87,28.5257747353,85.49997454300001,6.72395694037,48.403600902899996
mungbean,2006,Rabi,Andhra Pradesh,147594.0,63534,845.2,18849229.74,32470.68,0.597142857,20.99,47.28,19.87,28.5257747353,85.49997454300001,6.72395694037,48.403600902899996
rice,2006,Kharif,Andhra Pradesh,2640870.0,6949186,845.2,337265507.7,580991.4,2.689090909,79.89,47.58,39.87,23.6893322105,82.2728215389,6.425470922140001,236.181113594
rice,2006,Rabi,Andhra Pradesh,1337020.0,4922944,845.2,170750824.2,294144.4,3.036818182,79.89,47.58,39.87,23.6893322105,82.2728215389,6.425470922140001,236.181113594
blackgram,2006,Kharif,Andhra Pradesh,82015.0,22555,845.2,10474135.65,18043.3,0.339473684,40.02,67.47,19.24,29.9733396789,65.1184255887,7.13395162948,67.8841511832
blackgram,2006,Rabi,Andhra Pradesh,415708.0,327533,845.2,53090068.68,91455.76,0.793636364,40.02,67.47,19.24,29.9733396789,65.1184255887,7.13395162948,67.8841511832
pigeonpeas,2006,Whole Year,Tamil Nadu,29127.0,21334,927.9,3719809.17,6407.94,0.744,20.73,67.73,20.29,27.7417622259,48.0616330847,5.794174879790001,149.4575638135
mothbeans,2006,Whole Year,Tamil Nadu,65512.0,98969,927.9,8366537.52,14412.64,1.588333333,21.44,48.01,20.23,28.1949204842,53.16041802790001,6.83117408269,51.198487045700006
banana,2006,Whole Year,Tamil Nadu,105206.0,5637371,927.9,13435858.26,23145.32,54.02931034,100.23,82.01,50.05,27.3767983057,80.35812258109999,5.98389318024,104.6269804001
coconut,2006,Whole Year,Tamil Nadu,374604.0,5429900000,927.9,47840676.84,82412.88,13584.69138,21.98,16.93,30.59,27.4098921723,94.84427180610001,5.97656212619,175.686645804
cotton,2006,Whole Year,Tamil Nadu,100339.0,220864,927.9,12814293.69,22074.58,2.281111111,117.77,46.24,19.56,23.988957895200002,79.8434742538,6.91267549578,80.3980431193
maize,2006,Whole Year,Tamil Nadu,197782.0,759112,927.9,25258739.22,43512.04,4.483076923,77.76,48.44,19.79,22.3892039102,65.0922494467,6.2451897224,84.766987663
mungbean,2006,Whole Year,Tamil Nadu,134071.0,77404,927.9,17122207.41,29495.62,0.588214286,20.99,47.28,19.87,28.5257747353,85.49997454300001,6.72395694037,48.403600902899996
rice,2006,Kharif,Tamil Nadu,1931397.0,6610607,927.9,246658710.9,424907.34,3.584827586,79.89,47.58,39.87,23.6893322105,82.2728215389,6.425470922140001,236.181113594
blackgram,2006,Whole Year,Tamil Nadu,251014.0,143053,927.9,32056997.94,55223.08,0.6425,40.02,67.47,19.24,29.9733396789,65.1184255887,7.13395162948,67.8841511832
pigeonpeas,2007,Whole Year,Tamil Nadu,30057.0,21077,1067.2,4009603.8,4809.12,0.73375,20.73,67.73,20.29,27.7417622259,48.0616330847,5.794174879790001,149.4575638135
mothbeans,2007,Whole Year,Tamil Nadu,59798.0,85840,1067.2,7977053.2,9567.68,1.6084,21.44,48.01,20.23,28.1949204842,53.16041802790001,6.83117408269,51.198487045700006
banana,2007,Whole Year,Tamil Nadu,112793.0,5384825,1067.2,15046586.2,18046.88,48.00758621,100.23,82.01,50.05,27.3767983057,80.35812258109999,5.98389318024,104.6269804001
coconut,2007,Whole Year,Tamil Nadu,383366.0,5438500000,1067.2,51141024.4,61338.56,13190.09759,21.98,16.93,30.59,27.4098921723,94.84427180610001,5.97656212619,175.686645804
cotton,2007,Whole Year,Tamil Nadu,99335.0,200673,1067.2,13251289.0,15893.6,2.013928571,117.77,46.24,19.56,23.988957895200002,79.8434742538,6.91267549578,80.3980431193
maize,2007,Whole Year,Tamil Nadu,223428.0,810057,1067.2,29805295.2,35748.48,4.077307692,77.76,48.44,19.79,22.3892039102,65.0922494467,6.2451897224,84.766987663
mungbean,2007,Whole Year,Tamil Nadu,158691.0,46213,1067.2,21169379.4,25390.56,0.414285714,20.99,47.28,19.87,28.5257747353,85.49997454300001,6.72395694037,48.403600902899996
rice,2007,Kharif,Tamil Nadu,1789170.0,5039954,1067.2,238675278.0,286267.2,3.213793103,79.89,47.58,39.87,23.6893322105,82.2728215389,6.425470922140001,236.181113594
blackgram,2007,Whole Year,Tamil Nadu,307515.0,79980,1067.2,41022501.0,49202.4,0.397857143,40.02,67.47,19.24,29.9733396789,65.1184255887,7.13395162948,67.8841511832
pigeonpeas,2008,Kharif,Andhra Pradesh,439248.0,199414,944.6,62830033.92,39532.32,0.530909091,20.73,67.73,20.29,27.7417622259,48.0616330847,5.794174879790001,149.4575638135
pigeonpeas,2008,Rabi,Andhra Pradesh,3466.0,1942,944.6,495776.64,311.94,0.56,20.73,67.73,20.29,27.7417622259,48.0616330847,5.794174879790001,149.4575638135
mothbeans,2008,Kharif,Andhra Pradesh,49844.0,51316,944.6,7129685.76,4485.96,1.134375,21.44,48.01,20.23,28.1949204842,53.16041802790001,6.83117408269,51.198487045700006
mothbeans,2008,Rabi,Andhra Pradesh,9274.0,8873,944.6,1326552.96,834.66,1.1875,21.44,48.01,20.23,28.1949204842,53.16041802790001,6.83117408269,51.198487045700006
banana,2008,Whole Year,Andhra Pradesh,54100.0,1368488,944.6,7738464.0,4869.0,26.21611111,100.23,82.01,50.05,27.3767983057,80.35812258109999,5.98389318024,104.6269804001
coconut,2008,Whole Year,Andhra Pradesh,106616.0,970056617,944.6,15250352.64,9595.44,9132.568235,21.98,16.93,30.59,27.4098921723,94.84427180610001,5.97656212619,175.686645804
cotton,2008,Kharif,Andhra Pradesh,1398900.0,3568251,944.6,200098656.0,125901.0,2.456363636,117.77,46.24,19.56,23.988957895200002,79.8434742538,6.91267549578,80.3980431193
maize,2008,Kharif,Andhra Pradesh,497803.0,1566921,944.6,71205741.12,44802.27,3.601818182,77.76,48.44,19.79,22.3892039102,65.0922494467,6.2451897224,84.766987663
maize,2008,Rabi,Andhra Pradesh,354157.0,2584881,944.6,50658617.28,31874.13,6.952727273,77.76,48.44,19.79,22.3892039102,65.0922494467,6.2451897224,84.766987663
mungbean,2008,Kharif,Andhra Pradesh,206857.0,91928,944.6,29588825.28,18617.13,0.436818182,20.99,47.28,19.87,28.5257747353,85.49997454300001,6.72395694037,48.403600902899996
mungbean,2008,Rabi,Andhra Pradesh,112694.0,44272,944.6,16119749.76,10142.46,0.582631579,20.99,47.28,19.87,28.5257747353,85.49997454300001,6.72395694037,48.403600902899996
rice,2008,Kharif,Andhra Pradesh,2803076.0,8379635,944.6,400951991.0,252276.84,2.913636364,79.89,47.58,39.87,23.6893322105,82.2728215389,6.425470922140001,236.181113594
rice,2008,Rabi,Andhra Pradesh,1584140.0,5861498,944.6,226595385.6,142572.6,3.236818182,79.89,47.58,39.87,23.6893322105,82.2728215389,6.425470922140001,236.181113594
blackgram,2008,Kharif,Andhra Pradesh,69015.0,40474,944.6,9871905.6,6211.35,0.460526316,40.02,67.47,19.24,29.9733396789,65.1184255887,7.13395162948,67.8841511832
blackgram,2008,Rabi,Andhra Pradesh,269360.0,180440,944.6,38529254.4,24242.4,0.62,40.02,67.47,19.24,29.9733396789,65.1184255887,7.13395162948,67.8841511832
pigeonpeas,2008,Whole Year,Tamil Nadu,27483.0,16703,1201.9,3931168.32,2473.47,0.606923077,20.73,67.73,20.29,27.7417622259,48.0616330847,5.794174879790001,149.4575638135
mothbeans,2008,Whole Year,Tamil Nadu,56672.0,84021,1201.9,8106362.88,5100.48,2.5968,21.44,48.01,20.23,28.1949204842,53.16041802790001,6.83117408269,51.198487045700006
banana,2008,Whole Year,Tamil Nadu,115804.0,5148134,1201.9,16564604.16,10422.36,44.54483871,100.23,82.01,50.05,27.3767983057,80.35812258109999,5.98389318024,104.6269804001
coconut,2008,Whole Year,Tamil Nadu,389429.0,5362000000,1201.9,55703924.16,35048.61,13834.07258,21.98,16.93,30.59,27.4098921723,94.84427180610001,5.97656212619,175.686645804
cotton,2008,Whole Year,Tamil Nadu,114516.0,187673,1201.9,16380368.64,10306.44,1.797586207,117.77,46.24,19.56,23.988957895200002,79.8434742538,6.91267549578,80.3980431193
maize,2008,Whole Year,Tamil Nadu,286639.0,1257882,1201.9,41000842.56,25797.51,5.226296296,77.76,48.44,19.79,22.3892039102,65.0922494467,6.2451897224,84.766987663
mungbean,2008,Whole Year,Tamil Nadu,138598.0,31336,1201.9,19825057.92,12473.82,0.336333333,20.99,47.28,19.87,28.5257747353,85.49997454300001,6.72395694037,48.403600902899996
rice,2008,Kharif,Tamil Nadu,1931603.0,5183385,1201.9,276296493.1,173844.27,3.562580645,79.89,47.58,39.87,23.6893322105,82.2728215389,6.425470922140001,236.181113594
blackgram,2008,Whole Year,Tamil Nadu,263671.0,82983,1201.9,37715499.84,23730.39,0.666666667,40.02,67.47,19.24,29.9733396789,65.1184255887,7.13395162948,67.8841511832
pigeonpeas,2009,Kharif,Andhra Pradesh,438392.0,189677,711.0,68310241.44,74526.64,0.525909091,20.73,67.73,20.29,27.7417622259,48.0616330847,5.794174879790001,149.4575638135
pigeonpeas,2009,Rabi,Andhra Pradesh,24895.0,13266,711.0,3879138.9,4232.15,0.52,20.73,67.73,20.29,27.7417622259,48.0616330847,5.794174879790001,149.4575638135
mothbeans,2009,Kharif,Andhra Pradesh,33411.0,43471,711.0,5206102.02,5679.87,1.3,21.44,48.01,20.23,28.1949204842,53.16041802790001,6.83117408269,51.198487045700006
mothbeans,2009,Rabi,Andhra Pradesh,11938.0,9884,711.0,1860179.16,2029.46,1.296363636,21.44,48.01,20.23,28.1949204842,53.16041802790001,6.83117408269,51.198487045700006
banana,2009,Whole Year,Andhra Pradesh,58229.0,1775347,711.0,9073242.78,9898.93,30.9435,100.23,82.01,50.05,27.3767983057,80.35812258109999,5.98389318024,104.6269804001
coconut,2009,Whole Year,Andhra Pradesh,104541.0,1149330226,711.0,16289578.62,17771.97,10004.87412,21.98,16.93,30.59,27.4098921723,94.84427180610001,5.97656212619,175.686645804
cotton,2009,Kharif,Andhra Pradesh,1467025.0,3232025,711.0,228591835.5,249394.25,2.209090909,117.77,46.24,19.56,23.988957895200002,79.8434742538,6.91267549578,80.3980431193
maize,2009,Kharif,Andhra Pradesh,501624.0,996315,711.0,78163051.68,85276.08,3.095,77.76,48.44,19.79,22.3892039102,65.0922494467,6.2451897224,84.766987663
maize,2009,Rabi,Andhra Pradesh,281008.0,1764883,711.0,43786666.56,47771.36,6.097272727,77.76,48.44,19.79,22.3892039102,65.0922494467,6.2451897224,84.766987663
mungbean,2009,Kharif,Andhra Pradesh,205281.0,21104,711.0,31986885.42,34897.77,0.167727273,20.99,47.28,19.87,28.5257747353,85.49997454300001,6.72395694037,48.403600902899996
mungbean,2009,Rabi,Andhra Pradesh,101342.0,41502,711.0,15791110.44,17228.14,0.475,20.99,47.28,19.87,28.5257747353,85.49997454300001,6.72395694037,48.403600902899996
rice,2009,Kharif,Andhra Pradesh,2062870.0,5956396,711.0,321436403.4,350687.9,2.790909091,79.89,47.58,39.87,23.6893322105,82.2728215389,6.425470922140001,236.181113594
rice,2009,Rabi,Andhra Pradesh,1377866.0,4881871,711.0,214699080.1,234237.22,3.098636364,79.89,47.58,39.87,23.6893322105,82.2728215389,6.425470922140001,236.181113594
blackgram,2009,Kharif,Andhra Pradesh,82940.0,12732,711.0,12923710.8,14099.8,0.2605,40.02,67.47,19.24,29.9733396789,65.1184255887,7.13395162948,67.8841511832
blackgram,2009,Rabi,Andhra Pradesh,346178.0,255694,711.0,53941455.96,58850.26,0.640952381,40.02,67.47,19.24,29.9733396789,65.1184255887,7.13395162948,67.8841511832
pigeonpeas,2009,Whole Year,Tamil Nadu,26558.0,20274,928.5,4138267.56,4514.86,0.709615385,20.73,67.73,20.29,27.7417622259,48.0616330847,5.794174879790001,149.4575638135
mothbeans,2009,Whole Year,Tamil Nadu,54427.0,82652,928.5,8480815.14,9252.59,1.649615385,21.44,48.01,20.23,28.1949204842,53.16041802790001,6.83117408269,51.198487045700006
banana,2009,Whole Year,Tamil Nadu,113681.0,4887841,928.5,17713773.42,19325.77,43.52,100.23,82.01,50.05,27.3767983057,80.35812258109999,5.98389318024,104.6269804001
coconut,2009,Whole Year,Tamil Nadu,400466.0,5547100000,928.5,62400612.12,68079.22,14134.65935,21.98,16.93,30.59,27.4098921723,94.84427180610001,5.97656212619,175.686645804
cotton,2009,Whole Year,Tamil Nadu,104095.0,225448,928.5,16220082.9,17696.15,2.502333333,117.77,46.24,19.56,23.988957895200002,79.8434742538,6.91267549578,80.3980431193
maize,2009,Whole Year,Tamil Nadu,244159.0,1138126,928.5,38044855.38,41507.03,4.798888889,77.76,48.44,19.79,22.3892039102,65.0922494467,6.2451897224,84.766987663
mungbean,2009,Whole Year,Tamil Nadu,138138.0,47673,928.5,21524663.16,23483.46,0.410322581,20.99,47.28,19.87,28.5257747353,85.49997454300001,6.72395694037,48.403600902899996
rice,2009,Kharif,Tamil Nadu,1845553.0,5665258,928.5,287574068.5,313744.01,3.539677419,79.89,47.58,39.87,23.6893322105,82.2728215389,6.425470922140001,236.181113594
blackgram,2009,Whole Year,Tamil Nadu,259722.0,98712,928.5,40469882.04,44152.74,0.392333333,40.02,67.47,19.24,29.9733396789,65.1184255887,7.13395162948,67.8841511832
pigeonpeas,2010,Kharif,Andhra Pradesh,629980.0,261286,1297.0,104645977.8,151195.2,0.466363636,20.73,67.73,20.29,27.7417622259,48.0616330847,5.794174879790001,149.4575638135
pigeonpeas,2010,Rabi,Andhra Pradesh,8123.0,4101,1297.0,1349311.53,1949.52,0.483333333,20.73,67.73,20.29,27.7417622259,48.0616330847,5.794174879790001,149.4575638135
mothbeans,2010,Kharif,Andhra Pradesh,51338.0,84908,1297.0,8527755.18,12321.12,1.229444444,21.44,48.01,20.23,28.1949204842,53.16041802790001,6.83117408269,51.198487045700006
mothbeans,2010,Rabi,Andhra Pradesh,15988.0,17254,1297.0,2655766.68,3837.12,1.454545455,21.44,48.01,20.23,28.1949204842,53.16041802790001,6.83117408269,51.198487045700006
banana,2010,Whole Year,Andhra Pradesh,58876.0,1920403,1297.0,9779892.36,14130.24,31.56263158,100.23,82.01,50.05,27.3767983057,80.35812258109999,5.98389318024,104.6269804001
coconut,2010,Whole Year,Andhra Pradesh,103945.0,1220268000,1297.0,17266303.95,24946.8,11116.99833,21.98,16.93,30.59,27.4098921723,94.84427180610001,5.97656212619,175.686645804
cotton,2010,Kharif,Andhra Pradesh,1784237.0,3890277,1297.0,296379608.1,428216.88,1.980454545,117.77,46.24,19.56,23.988957895200002,79.8434742538,6.91267549578,80.3980431193
maize,2010,Kharif,Andhra Pradesh,439530.0,1639069,1297.0,73010328.3,105487.2,3.821818182,77.76,48.44,19.79,22.3892039102,65.0922494467,6.2451897224,84.766987663
maize,2010,Rabi,Andhra Pradesh,303916.0,2313946,1297.0,50483486.76,72939.84,7.073636364,77.76,48.44,19.79,22.3892039102,65.0922494467,6.2451897224,84.766987663
mungbean,2010,Kharif,Andhra Pradesh,261106.0,121685,1297.0,43372317.66,62665.44,0.355,20.99,47.28,19.87,28.5257747353,85.49997454300001,6.72395694037,48.403600902899996
mungbean,2010,Rabi,Andhra Pradesh,116941.0,44241,1297.0,19425069.51,28065.84,0.463,20.99,47.28,19.87,28.5257747353,85.49997454300001,6.72395694037,48.403600902899996
rice,2010,Kharif,Andhra Pradesh,2921793.0,7509866,1297.0,485339035.2,701230.32,2.666818182,79.89,47.58,39.87,23.6893322105,82.2728215389,6.425470922140001,236.181113594
rice,2010,Rabi,Andhra Pradesh,1829516.0,6909447,1297.0,303900902.8,439083.84,3.325909091,79.89,47.58,39.87,23.6893322105,82.2728215389,6.425470922140001,236.181113594
blackgram,2010,Kharif,Andhra Pradesh,82317.0,46191,1297.0,13673676.87,19756.08,0.472857143,40.02,67.47,19.24,29.9733396789,65.1184255887,7.13395162948,67.8841511832
blackgram,2010,Rabi,Andhra Pradesh,381529.0,207272,1297.0,63375782.19,91566.96,0.573809524,40.02,67.47,19.24,29.9733396789,65.1184255887,7.13395162948,67.8841511832
pigeonpeas,2011,Kharif,Andhra Pradesh,478657.0,144679,861.9,80184620.64,157956.81,0.435454545,20.73,67.73,20.29,27.7417622259,48.0616330847,5.794174879790001,149.4575638135
pigeonpeas,2011,Rabi,Andhra Pradesh,2841.0,1409,861.9,475924.32,937.53,0.455294118,20.73,67.73,20.29,27.7417622259,48.0616330847,5.794174879790001,149.4575638135
mothbeans,2011,Kharif,Andhra Pradesh,32415.0,47506,861.9,5430160.8,10696.95,1.221764706,21.44,48.01,20.23,28.1949204842,53.16041802790001,6.83117408269,51.198487045700006
mothbeans,2011,Rabi,Andhra Pradesh,10748.0,11138,861.9,1800504.96,3546.84,1.235,21.44,48.01,20.23,28.1949204842,53.16041802790001,6.83117408269,51.198487045700006
banana,2011,Whole Year,Andhra Pradesh,62103.0,2308295,861.9,10403494.56,20493.99,35.52157895,100.23,82.01,50.05,27.3767983057,80.35812258109999,5.98389318024,104.6269804001
coconut,2011,Whole Year,Andhra Pradesh,103967.0,1430853709,861.9,17416551.84,34309.11,12604.71833,21.98,16.93,30.59,27.4098921723,94.84427180610001,5.97656212619,175.686645804
cotton,2011,Kharif,Andhra Pradesh,2062999.0,3181907,861.9,345593592.5,680789.67,1.548181818,117.77,46.24,19.56,23.988957895200002,79.8434742538,6.91267549578,80.3980431193
maize,2011,Kharif,Andhra Pradesh,530919.0,1492303,861.9,88939550.88,175203.27,3.427727273,77.76,48.44,19.79,22.3892039102,65.0922494467,6.2451897224,84.766987663
maize,2011,Rabi,Andhra Pradesh,332805.0,2163376,861.9,55751493.6,109825.65,6.432272727,77.76,48.44,19.79,22.3892039102,65.0922494467,6.2451897224,84.766987663
mungbean,2011,Kharif,Andhra Pradesh,152088.0,82507,861.9,25477781.76,50189.04,0.537727273,20.99,47.28,19.87,28.5257747353,85.49997454300001,6.72395694037,48.403600902899996
mungbean,2011,Rabi,Andhra Pradesh,131376.0,79912,861.9,22008107.52,43354.08,0.6295,20.99,47.28,19.87,28.5257747353,85.49997454300001,6.72395694037,48.403600902899996
rice,2011,Kharif,Andhra Pradesh,2873949.0,8563334,861.9,481443936.5,948403.17,2.909090909,79.89,47.58,39.87,23.6893322105,82.2728215389,6.425470922140001,236.181113594
rice,2011,Rabi,Andhra Pradesh,1221899.0,4328458,861.9,204692520.5,403226.67,3.031818182,79.89,47.58,39.87,23.6893322105,82.2728215389,6.425470922140001,236.181113594
blackgram,2011,Kharif,Andhra Pradesh,62571.0,40360,861.9,10481893.92,20648.43,0.598095238,40.02,67.47,19.24,29.9733396789,65.1184255887,7.13395162948,67.8841511832
blackgram,2011,Rabi,Andhra Pradesh,477139.0,327400,861.9,79930325.28,157455.87,0.5575,40.02,67.47,19.24,29.9733396789,65.1184255887,7.13395162948,67.8841511832
pigeonpeas,2011,Whole Year,Tamil Nadu,35968.0,31292,926.5,6025359.36,11869.44,0.867037037,20.73,67.73,20.29,27.7417622259,48.0616330847,5.794174879790001,149.4575638135
mothbeans,2011,Kharif,Tamil Nadu,30837.0,68165,926.5,5165814.24,10176.21,2.1,21.44,48.01,20.23,28.1949204842,53.16041802790001,6.83117408269,51.198487045700006
mothbeans,2011,Rabi,Tamil Nadu,15827.0,46282,926.5,2651339.04,5222.91,2.827272727,21.44,48.01,20.23,28.1949204842,53.16041802790001,6.83117408269,51.198487045700006
banana,2011,Whole Year,Tamil Nadu,103107.0,4505435,926.5,17272484.64,34025.31,43.34580645,100.23,82.01,50.05,27.3767983057,80.35812258109999,5.98389318024,104.6269804001
coconut,2011,Whole Year,Tamil Nadu,419400.0,6200900000,926.5,70257888.0,138402.0,13248.16226,21.98,16.93,30.59,27.4098921723,94.84427180610001,5.97656212619,175.686645804
cotton,2011,Kharif,Tamil Nadu,107036.0,302611,926.5,17930670.72,35321.88,3.036923077,117.77,46.24,19.56,23.988957895200002,79.8434742538,6.91267549578,80.3980431193
cotton,2011,Rabi,Tamil Nadu,28769.0,79158,926.5,4819382.88,9493.77,2.83,117.77,46.24,19.56,23.988957895200002,79.8434742538,6.91267549578,80.3980431193
jute,2011,Kharif,Tamil Nadu,3.0,0,926.5,502.56,0.99,0.0,78.4,46.86,39.99,24.9583758265,79.6398642063,6.7327775681699995,174.792797536
maize,2011,Kharif,Tamil Nadu,176287.0,1001667,926.5,29531598.24,58174.71,5.832307692,77.76,48.44,19.79,22.3892039102,65.0922494467,6.2451897224,84.766987663
maize,2011,Rabi,Tamil Nadu,104342.0,693800,926.5,17479371.84,34432.86,6.611481481,77.76,48.44,19.79,22.3892039102,65.0922494467,6.2451897224,84.766987663
mungbean,2011,Whole Year,Tamil Nadu,164069.0,85118,926.5,27484838.88,54142.77,0.600344828,20.99,47.28,19.87,28.5257747353,85.49997454300001,6.72395694037,48.403600902899996
rice,2011,Kharif,Tamil Nadu,1903772.0,7458657,926.5,318919885.4,628244.76,4.226451613,79.89,47.58,39.87,23.6893322105,82.2728215389,6.425470922140001,236.181113594
blackgram,2011,Whole Year,Tamil Nadu,308263.0,178816,926.5,51640217.76,101726.79,0.663333333,40.02,67.47,19.24,29.9733396789,65.1184255887,7.13395162948,67.8841511832
pigeonpeas,2012,Kharif,Andhra Pradesh,480000.0,251000,968.7,72384000.0,148800.0,0.5885,20.73,67.73,20.29,27.7417622259,48.0616330847,5.794174879790001,149.4575638135
mothbeans,2012,Kharif,Andhra Pradesh,60000.0,100000,968.7,9048000.0,18600.0,1.483636364,21.44,48.01,20.23,28.1949204842,53.16041802790001,6.83117408269,51.198487045700006
mothbeans,2012,Rabi,Andhra Pradesh,7000.0,11000,968.7,1055600.0,2170.0,1.4,21.44,48.01,20.23,28.1949204842,53.16041802790001,6.83117408269,51.198487045700006
coconut,2012,Whole Year,Andhra Pradesh,99825.0,1670659000,968.7,15053610.0,30945.75,14794.63,21.98,16.93,30.59,27.4098921723,94.84427180610001,5.97656212619,175.686645804
cotton,2012,Kharif,Andhra Pradesh,2402000.0,5600000,968.7,362221600.0,744620.0,2.440454545,117.77,46.24,19.56,23.988957895200002,79.8434742538,6.91267549578,80.3980431193
maize,2012,Kharif,Andhra Pradesh,565000.0,2341000,968.7,85202000.0,175150.0,4.040952381,77.76,48.44,19.79,22.3892039102,65.0922494467,6.2451897224,84.766987663
maize,2012,Rabi,Andhra Pradesh,407000.0,2513000,968.7,61375600.0,126170.0,6.119545455,77.76,48.44,19.79,22.3892039102,65.0922494467,6.2451897224,84.766987663
mungbean,2012,Kharif,Andhra Pradesh,151000.0,107000,968.7,22770800.0,46810.0,0.554736842,20.99,47.28,19.87,28.5257747353,85.49997454300001,6.72395694037,48.403600902899996
mungbean,2012,Rabi,Andhra Pradesh,127000.0,87000,968.7,19151600.0,39370.0,0.768666667,20.99,47.28,19.87,28.5257747353,85.49997454300001,6.72395694037,48.403600902899996
rice,2012,Kharif,Andhra Pradesh,2487000.0,7167000,968.7,375039600.0,770970.0,2.969545455,79.89,47.58,39.87,23.6893322105,82.2728215389,6.425470922140001,236.181113594
rice,2012,Rabi,Andhra Pradesh,1141000.0,4344000,968.7,172062800.0,353710.0,3.243636364,79.89,47.58,39.87,23.6893322105,82.2728215389,6.425470922140001,236.181113594
blackgram,2012,Kharif,Andhra Pradesh,57000.0,51000,968.7,8595600.0,17670.0,0.830666667,40.02,67.47,19.24,29.9733396789,65.1184255887,7.13395162948,67.8841511832
blackgram,2012,Rabi,Andhra Pradesh,387000.0,321000,968.7,58359600.0,119970.0,0.693333333,40.02,67.47,19.24,29.9733396789,65.1184255887,7.13395162948,67.8841511832
pigeonpeas,2013,Kharif,Andhra Pradesh,182826.0,102954,1062.3,26416528.74,49363.02,0.696923077,20.73,67.73,20.29,27.7417622259,48.0616330847,5.794174879790001,149.4575638135
pigeonpeas,2013,Rabi,Andhra Pradesh,1298.0,1003,1062.3,187548.02,350.46,0.736,20.73,67.73,20.29,27.7417622259,48.0616330847,5.794174879790001,149.4575638135
mothbeans,2013,Kharif,Andhra Pradesh,46930.0,77599,1062.3,6780915.7,12671.1,1.621818182,21.44,48.01,20.23,28.1949204842,53.16041802790001,6.83117408269,51.198487045700006
mothbeans,2013,Rabi,Andhra Pradesh,2297.0,4256,1062.3,331893.53,620.19,1.78,21.44,48.01,20.23,28.1949204842,53.16041802790001,6.83117408269,51.198487045700006
banana,2013,Whole Year,Andhra Pradesh,60626.0,1888161,1062.3,8759850.74,16369.02,31.62769231,100.23,82.01,50.05,27.3767983057,80.35812258109999,5.98389318024,104.6269804001
coconut,2013,Whole Year,Andhra Pradesh,99066.0,1610007000,1062.3,14314046.34,26747.82,13712.57308,21.98,16.93,30.59,27.4098921723,94.84427180610001,5.97656212619,175.686645804
cotton,2013,Kharif,Andhra Pradesh,671459.0,2175683,1062.3,97019110.91,181293.93,2.623846154,117.77,46.24,19.56,23.988957895200002,79.8434742538,6.91267549578,80.3980431193
cotton,2013,Rabi,Andhra Pradesh,5155.0,12281,1062.3,744845.95,1391.85,2.531666667,117.77,46.24,19.56,23.988957895200002,79.8434742538,6.91267549578,80.3980431193
maize,2013,Kharif,Andhra Pradesh,109846.0,407657,1062.3,15871648.54,29658.42,3.460769231,77.76,48.44,19.79,22.3892039102,65.0922494467,6.2451897224,84.766987663
maize,2013,Rabi,Andhra Pradesh,242269.0,1805828,1062.3,35005447.81,65412.63,7.458461538,77.76,48.44,19.79,22.3892039102,65.0922494467,6.2451897224,84.766987663
mungbean,2013,Kharif,Andhra Pradesh,17490.0,8956,1062.3,2527130.1,4722.3,0.627692308,20.99,47.28,19.87,28.5257747353,85.49997454300001,6.72395694037,48.403600902899996
mungbean,2013,Rabi,Andhra Pradesh,116216.0,72653,1062.3,16792049.84,31378.32,0.670769231,20.99,47.28,19.87,28.5257747353,85.49997454300001,6.72395694037,48.403600902899996
rice,2013,Kharif,Andhra Pradesh,1705555.0,4356822,1062.3,246435642.0,460499.85,2.715384615,79.89,47.58,39.87,23.6893322105,82.2728215389,6.425470922140001,236.181113594
rice,2013,Rabi,Andhra Pradesh,877885.0,3636603,1062.3,126845603.7,237028.95,3.408461538,79.89,47.58,39.87,23.6893322105,82.2728215389,6.425470922140001,236.181113594
blackgram,2013,Kharif,Andhra Pradesh,14508.0,9901,1062.3,2096260.92,3917.16,0.724615385,40.02,67.47,19.24,29.9733396789,65.1184255887,7.13395162948,67.8841511832
blackgram,2013,Rabi,Andhra Pradesh,250265.0,196803,1062.3,36160789.85,67571.55,0.759230769,40.02,67.47,19.24,29.9733396789,65.1184255887,7.13395162948,67.8841511832
pigeonpeas,2013,Whole Year,Tamil Nadu,59643.0,57666,740.9,8617817.07,16103.61,0.955172414,20.73,67.73,20.29,27.7417622259,48.0616330847,5.794174879790001,149.4575638135
mothbeans,2013,Kharif,Tamil Nadu,30322.0,69197,740.9,4381225.78,8186.94,2.3008,21.44,48.01,20.23,28.1949204842,53.16041802790001,6.83117408269,51.198487045700006
mothbeans,2013,Rabi,Tamil Nadu,24090.0,48239,740.9,3480764.1,6504.3,2.14,21.44,48.01,20.23,28.1949204842,53.16041802790001,6.83117408269,51.198487045700006
banana,2013,Whole Year,Tamil Nadu,92463.0,3840375,740.9,13359978.87,24965.01,42.13096774,100.23,82.01,50.05,27.3767983057,80.35812258109999,5.98389318024,104.6269804001
coconut,2013,Whole Year,Tamil Nadu,428538.0,4668000000,740.9,61919455.62,115705.26,9606.394516,21.98,16.93,30.59,27.4098921723,94.84427180610001,5.97656212619,175.686645804
cotton,2013,Kharif,Tamil Nadu,116495.0,333808,740.9,16832362.55,31453.65,2.815,117.77,46.24,19.56,23.988957895200002,79.8434742538,6.91267549578,80.3980431193
cotton,2013,Rabi,Tamil Nadu,34468.0,82752,740.9,4980281.32,9306.36,2.478888889,117.77,46.24,19.56,23.988957895200002,79.8434742538,6.91267549578,80.3980431193
maize,2013,Kharif,Tamil Nadu,223113.0,1458297,740.9,32237597.37,60240.51,6.161111111,77.76,48.44,19.79,22.3892039102,65.0922494467,6.2451897224,84.766987663
maize,2013,Rabi,Tamil Nadu,157316.0,786919,740.9,22730588.84,42475.32,5.431724138,77.76,48.44,19.79,22.3892039102,65.0922494467,6.2451897224,84.766987663
mungbean,2013,Kharif,Tamil Nadu,25034.0,14083,740.9,3617162.66,6759.18,0.572307692,20.99,47.28,19.87,28.5257747353,85.49997454300001,6.72395694037,48.403600902899996
mungbean,2013,Rabi,Tamil Nadu,170251.0,137317,740.9,24599566.99,45967.77,0.774074074,20.99,47.28,19.87,28.5257747353,85.49997454300001,6.72395694037,48.403600902899996
rice,2013,Kharif,Tamil Nadu,1725730.0,7115195,740.9,249350727.7,465947.1,4.491935484,79.89,47.58,39.87,23.6893322105,82.2728215389,6.425470922140001,236.181113594
blackgram,2013,Kharif,Tamil Nadu,69872.0,58712,740.9,10095805.28,18865.44,0.824827586,40.02,67.47,19.24,29.9733396789,65.1184255887,7.13395162948,67.8841511832
blackgram,2013,Rabi,Tamil Nadu,295256.0,251946,740.9,42661539.44,79719.12,0.788,40.02,67.47,19.24,29.9733396789,65.1184255887,7.13395162948,67.8841511832
pigeonpeas,2014,Kharif,Andhra Pradesh,148980.0,74560,687.6,22490020.8,49163.4,0.634615385,20.73,67.73,20.29,27.7417622259,48.0616330847,5.794174879790001,149.4575638135
pigeonpeas,2014,Rabi,Andhra Pradesh,1564.0,1224,687.6,236101.44,516.12,0.727,20.73,67.73,20.29,27.7417622259,48.0616330847,5.794174879790001,149.4575638135
mothbeans,2014,Kharif,Andhra Pradesh,24755.0,31913,687.6,3737014.8,8169.15,1.560909091,21.44,48.01,20.23,28.1949204842,53.16041802790001,6.83117408269,51.198487045700006
mothbeans,2014,Rabi,Andhra Pradesh,3423.0,6586,687.6,516736.08,1129.59,1.624285714,21.44,48.01,20.23,28.1949204842,53.16041802790001,6.83117408269,51.198487045700006
banana,2014,Whole Year,Andhra Pradesh,61607.0,1945126,687.6,9300192.72,20330.31,31.49384615,100.23,82.01,50.05,27.3767983057,80.35812258109999,5.98389318024,104.6269804001
coconut,2014,Whole Year,Andhra Pradesh,99097.0,1447900000,687.6,14959683.12,32702.01,12941.33667,21.98,16.93,30.59,27.4098921723,94.84427180610001,5.97656212619,175.686645804
cotton,2014,Kharif,Andhra Pradesh,814855.0,2735370,687.6,123010510.8,268902.15,3.026153846,117.77,46.24,19.56,23.988957895200002,79.8434742538,6.91267549578,80.3980431193
cotton,2014,Rabi,Andhra Pradesh,6222.0,15914,687.6,939273.12,2053.26,2.897142857,117.77,46.24,19.56,23.988957895200002,79.8434742538,6.91267549578,80.3980431193
maize,2014,Kharif,Andhra Pradesh,99863.0,328758,687.6,15075318.48,32954.79,3.446923077,77.76,48.44,19.79,22.3892039102,65.0922494467,6.2451897224,84.766987663
maize,2014,Rabi,Andhra Pradesh,203463.0,1609315,687.6,30714774.48,67142.79,7.481538462,77.76,48.44,19.79,22.3892039102,65.0922494467,6.2451897224,84.766987663
mungbean,2014,Kharif,Andhra Pradesh,11408.0,10461,687.6,1722151.68,3764.64,0.807692308,20.99,47.28,19.87,28.5257747353,85.49997454300001,6.72395694037,48.403600902899996
mungbean,2014,Rabi,Andhra Pradesh,160036.0,131294,687.6,24159034.56,52811.88,0.767692308,20.99,47.28,19.87,28.5257747353,85.49997454300001,6.72395694037,48.403600902899996
rice,2014,Kharif,Andhra Pradesh,1634921.0,5097447,687.6,246807674.2,539523.93,3.184615385,79.89,47.58,39.87,23.6893322105,82.2728215389,6.425470922140001,236.181113594
rice,2014,Rabi,Andhra Pradesh,759034.0,3358137,687.6,114583772.6,250481.22,3.541538462,79.89,47.58,39.87,23.6893322105,82.2728215389,6.425470922140001,236.181113594
blackgram,2014,Kharif,Andhra Pradesh,19424.0,20949,687.6,2932247.04,6409.92,1.113076923,40.02,67.47,19.24,29.9733396789,65.1184255887,7.13395162948,67.8841511832
blackgram,2014,Rabi,Andhra Pradesh,296414.0,277700,687.6,44746657.44,97816.62,0.948461538,40.02,67.47,19.24,29.9733396789,65.1184255887,7.13395162948,67.8841511832
mothbeans,2014,Kharif,Tamil Nadu,33124.0,100137,911.3,5000399.04,10930.92,3.060416667,21.44,48.01,20.23,28.1949204842,53.16041802790001,6.83117408269,51.198487045700006
mothbeans,2014,Rabi,Tamil Nadu,24584.0,77433,911.3,3711200.64,8112.72,3.18,21.44,48.01,20.23,28.1949204842,53.16041802790001,6.83117408269,51.198487045700006
banana,2014,Whole Year,Tamil Nadu,91410.0,3725937,911.3,13799253.6,30165.3,42.5,100.23,82.01,50.05,27.3767983057,80.35812258109999,5.98389318024,104.6269804001
coconut,2014,Whole Year,Tamil Nadu,427841.0,4986500000,911.3,64586877.36,141187.53,10713.87226,21.98,16.93,30.59,27.4098921723,94.84427180610001,5.97656212619,175.686645804
cotton,2014,Kharif,Tamil Nadu,138386.0,434108,911.3,20890750.56,45667.38,3.09962963,117.77,46.24,19.56,23.988957895200002,79.8434742538,6.91267549578,80.3980431193
cotton,2014,Rabi,Tamil Nadu,48307.0,164831,911.3,7292424.72,15941.31,3.393214286,117.77,46.24,19.56,23.988957895200002,79.8434742538,6.91267549578,80.3980431193
maize,2014,Kharif,Tamil Nadu,191481.0,1663616,911.3,28905971.76,63188.73,8.406538462,77.76,48.44,19.79,22.3892039102,65.0922494467,6.2451897224,84.766987663
maize,2014,Rabi,Tamil Nadu,130471.0,984135,911.3,19695902.16,43055.43,7.637586207,77.76,48.44,19.79,22.3892039102,65.0922494467,6.2451897224,84.766987663
lentil,2014,Kharif,Tamil Nadu,72389.0,90950,911.3,10927843.44,23888.37,1.206333333,18.77,68.36,19.41,24.509052402600002,64.8047846785,6.927931571609999,45.680454204
mungbean,2014,Kharif,Tamil Nadu,28296.0,17906,911.3,4271564.16,9337.68,0.633076923,20.99,47.28,19.87,28.5257747353,85.49997454300001,6.72395694037,48.403600902899996
mungbean,2014,Rabi,Tamil Nadu,201265.0,162820,911.3,30382964.4,66417.45,0.821,20.99,47.28,19.87,28.5257747353,85.49997454300001,6.72395694037,48.403600902899996
rice,2014,Kharif,Tamil Nadu,1794991.0,7949437,911.3,270971841.4,592347.03,4.730322581,79.89,47.58,39.87,23.6893322105,82.2728215389,6.425470922140001,236.181113594
blackgram,2014,Kharif,Tamil Nadu,61525.0,50094,911.3,9287814.0,20303.25,0.825357143,40.02,67.47,19.24,29.9733396789,65.1184255887,7.13395162948,67.8841511832
blackgram,2014,Rabi,Tamil Nadu,312257.0,308801,911.3,47138316.72,103044.81,0.946,40.02,67.47,19.24,29.9733396789,65.1184255887,7.13395162948,67.8841511832
pigeonpeas,2015,Kharif,Andhra Pradesh,215323.0,128654,940.7,34001654.93,71056.59,0.579230769,20.73,67.73,20.29,27.7417622259,48.0616330847,5.794174879790001,149.4575638135
pigeonpeas,2015,Rabi,Andhra Pradesh,4995.0,3472,940.7,788760.45,1648.35,0.643,20.73,67.73,20.29,27.7417622259,48.0616330847,5.794174879790001,149.4575638135
mothbeans,2015,Kharif,Andhra Pradesh,33319.0,58890,940.7,5261403.29,10995.27,1.908181818,21.44,48.01,20.23,28.1949204842,53.16041802790001,6.83117408269,51.198487045700006
mothbeans,2015,Rabi,Andhra Pradesh,3421.0,6133,940.7,540210.11,1128.93,1.978333333,21.44,48.01,20.23,28.1949204842,53.16041802790001,6.83117408269,51.198487045700006
banana,2015,Whole Year,Andhra Pradesh,59428.0,2322913,940.7,9384275.48,19611.24,39.59461538,100.23,82.01,50.05,27.3767983057,80.35812258109999,5.98389318024,104.6269804001
coconut,2015,Whole Year,Andhra Pradesh,103948.0,1427745000,940.7,16414428.68,34302.84,12616.92333,21.98,16.93,30.59,27.4098921723,94.84427180610001,5.97656212619,175.686645804
cotton,2015,Kharif,Andhra Pradesh,662671.0,1810621,940.7,104642377.6,218681.43,2.519230769,117.77,46.24,19.56,23.988957895200002,79.8434742538,6.91267549578,80.3980431193
cotton,2015,Rabi,Andhra Pradesh,3394.0,6662,940.7,535946.54,1120.02,2.23,117.77,46.24,19.56,23.988957895200002,79.8434742538,6.91267549578,80.3980431193
maize,2015,Kharif,Andhra Pradesh,75017.0,276205,940.7,11845934.47,24755.61,3.876923077,77.76,48.44,19.79,22.3892039102,65.0922494467,6.2451897224,84.766987663
maize,2015,Rabi,Andhra Pradesh,157628.0,1135482,940.7,24891037.48,52017.24,5.915384615,77.76,48.44,19.79,22.3892039102,65.0922494467,6.2451897224,84.766987663
mungbean,2015,Kharif,Andhra Pradesh,51600.0,18197,940.7,8148156.0,17028.0,0.550769231,20.99,47.28,19.87,28.5257747353,85.49997454300001,6.72395694037,48.403600902899996
mungbean,2015,Rabi,Andhra Pradesh,159540.0,118722,940.7,25192961.4,52648.2,0.734615385,20.99,47.28,19.87,28.5257747353,85.49997454300001,6.72395694037,48.403600902899996
rice,2015,Kharif,Andhra Pradesh,1398884.0,4115558,940.7,220897772.4,461631.72,3.091538462,79.89,47.58,39.87,23.6893322105,82.2728215389,6.425470922140001,236.181113594
rice,2015,Rabi,Andhra Pradesh,761911.0,3402713,940.7,120313366.0,251430.63,3.671538462,79.89,47.58,39.87,23.6893322105,82.2728215389,6.425470922140001,236.181113594
blackgram,2015,Kharif,Andhra Pradesh,44016.0,30921,940.7,6950566.56,14525.28,0.786153846,40.02,67.47,19.24,29.9733396789,65.1184255887,7.13395162948,67.8841511832
blackgram,2015,Rabi,Andhra Pradesh,411586.0,379722,940.7,64993545.26,135823.38,0.8,40.02,67.47,19.24,29.9733396789,65.1184255887,7.13395162948,67.8841511832
mothbeans,2015,Kharif,Tamil Nadu,35460.0,95506,1201.9,5599488.6,11701.8,2.82,21.44,48.01,20.23,28.1949204842,53.16041802790001,6.83117408269,51.198487045700006
mothbeans,2015,Rabi,Tamil Nadu,16146.0,38825,1201.9,2549614.86,5328.18,2.496,21.44,48.01,20.23,28.1949204842,53.16041802790001,6.83117408269,51.198487045700006
banana,2015,Whole Year,Tamil Nadu,94214.0,3610173,1201.9,14877332.74,31090.62,38.35645161,100.23,82.01,50.05,27.3767983057,80.35812258109999,5.98389318024,104.6269804001
coconut,2015,Whole Year,Tamil Nadu,434875.0,5962500000,1201.9,68671111.25,143508.75,11907.64581,21.98,16.93,30.59,27.4098921723,94.84427180610001,5.97656212619,175.686645804
cotton,2015,Kharif,Tamil Nadu,102251.0,190658,1201.9,16146455.41,33742.83,2.151851852,117.77,46.24,19.56,23.988957895200002,79.8434742538,6.91267549578,80.3980431193
cotton,2015,Rabi,Tamil Nadu,45836.0,136001,1201.9,7237962.76,15125.88,2.932857143,117.77,46.24,19.56,23.988957895200002,79.8434742538,6.91267549578,80.3980431193
maize,2015,Kharif,Tamil Nadu,201750.0,1483163,1201.9,31858342.5,66577.5,7.782,77.76,48.44,19.79,22.3892039102,65.0922494467,6.2451897224,84.766987663
maize,2015,Rabi,Tamil Nadu,153314.0,1049167,1201.9,24209813.74,50593.62,6.849655172,77.76,48.44,19.79,22.3892039102,65.0922494467,6.2451897224,84.766987663
lentil,2015,Kharif,Tamil Nadu,59007.0,59968,1201.9,9317795.37,19472.31,1.063928571,18.77,68.36,19.41,24.509052402600002,64.8047846785,6.927931571609999,45.680454204
mungbean,2015,Kharif,Tamil Nadu,34470.0,27328,1201.9,5443157.7,11375.1,0.789285714,20.99,47.28,19.87,28.5257747353,85.49997454300001,6.72395694037,48.403600902899996
mungbean,2015,Rabi,Tamil Nadu,204372.0,106918,1201.9,32272382.52,67442.76,0.577037037,20.99,47.28,19.87,28.5257747353,85.49997454300001,6.72395694037,48.403600902899996
rice,2015,Kharif,Tamil Nadu,2000212.0,7374681,1201.9,315853476.9,660069.96,4.061290323,79.89,47.58,39.87,23.6893322105,82.2728215389,6.425470922140001,236.181113594
blackgram,2015,Kharif,Tamil Nadu,59145.0,40922,1201.9,9339586.95,19517.85,0.709285714,40.02,67.47,19.24,29.9733396789,65.1184255887,7.13395162948,67.8841511832
blackgram,2015,Rabi,Tamil Nadu,336041.0,235449,1201.9,53064234.31,110893.53,0.696333333,40.02,67.47,19.24,29.9733396789,65.1184255887,7.13395162948,67.8841511832
pigeonpeas,2016,Kharif,Andhra Pradesh,342883.0,129160,890.0,52546819.75,120009.05,0.493076923,20.73,67.73,20.29,27.7417622259,48.0616330847,5.794174879790001,149.4575638135
pigeonpeas,2016,Rabi,Andhra Pradesh,6555.0,3818,890.0,1004553.75,2294.25,0.481818182,20.73,67.73,20.29,27.7417622259,48.0616330847,5.794174879790001,149.4575638135
mothbeans,2016,Kharif,Andhra Pradesh,38762.0,67598,890.0,5940276.5,13566.7,1.744545455,21.44,48.01,20.23,28.1949204842,53.16041802790001,6.83117408269,51.198487045700006
mothbeans,2016,Rabi,Andhra Pradesh,3124.0,4355,890.0,478753.0,1093.4,1.827142857,21.44,48.01,20.23,28.1949204842,53.16041802790001,6.83117408269,51.198487045700006
banana,2016,Whole Year,Andhra Pradesh,55743.0,2303705,890.0,8542614.75,19510.05,41.42769231,100.23,82.01,50.05,27.3767983057,80.35812258109999,5.98389318024,104.6269804001
coconut,2016,Whole Year,Andhra Pradesh,102548.0,1415300000,890.0,15715481.0,35891.8,13934.1225,21.98,16.93,30.59,27.4098921723,94.84427180610001,5.97656212619,175.686645804
cotton,2016,Kharif,Andhra Pradesh,463437.0,1544526,890.0,71021720.25,162202.95,2.633076923,117.77,46.24,19.56,23.988957895200002,79.8434742538,6.91267549578,80.3980431193
cotton,2016,Rabi,Andhra Pradesh,8092.0,19547,890.0,1240099.0,2832.2,2.201428571,117.77,46.24,19.56,23.988957895200002,79.8434742538,6.91267549578,80.3980431193
maize,2016,Kharif,Andhra Pradesh,85501.0,354764,890.0,13103028.25,29925.35,3.907692308,77.76,48.44,19.79,22.3892039102,65.0922494467,6.2451897224,84.766987663
maize,2016,Rabi,Andhra Pradesh,164778.0,1298137,890.0,25252228.5,57672.3,6.493846154,77.76,48.44,19.79,22.3892039102,65.0922494467,6.2451897224,84.766987663
mungbean,2016,Kharif,Andhra Pradesh,32294.0,16742,890.0,4949055.5,11302.9,0.606923077,20.99,47.28,19.87,28.5257747353,85.49997454300001,6.72395694037,48.403600902899996
mungbean,2016,Rabi,Andhra Pradesh,102067.0,49549,890.0,15641767.75,35723.45,0.458461538,20.99,47.28,19.87,28.5257747353,85.49997454300001,6.72395694037,48.403600902899996
rice,2016,Kharif,Andhra Pradesh,1519656.0,5233690,890.0,232887282.0,531879.6,3.361538462,79.89,47.58,39.87,23.6893322105,82.2728215389,6.425470922140001,236.181113594
rice,2016,Rabi,Andhra Pradesh,585363.0,2768647,890.0,89706879.75,204877.05,3.727692308,79.89,47.58,39.87,23.6893322105,82.2728215389,6.425470922140001,236.181113594
blackgram,2016,Kharif,Andhra Pradesh,59661.0,48844,890.0,9143048.25,20881.35,0.792307692,40.02,67.47,19.24,29.9733396789,65.1184255887,7.13395162948,67.8841511832
blackgram,2016,Rabi,Andhra Pradesh,439841.0,280189,890.0,67405633.25,153944.35,0.64,40.02,67.47,19.24,29.9733396789,65.1184255887,7.13395162948,67.8841511832
pigeonpeas,2016,Kharif,Tamil Nadu,56560.0,37053,912.4,8667820.0,19796.0,0.591034483,20.73,67.73,20.29,27.7417622259,48.0616330847,5.794174879790001,149.4575638135
mothbeans,2016,Kharif,Tamil Nadu,31511.0,93045,912.4,4829060.75,11028.85,2.84125,21.44,48.01,20.23,28.1949204842,53.16041802790001,6.83117408269,51.198487045700006
mothbeans,2016,Rabi,Tamil Nadu,18162.0,9205,912.4,2783326.5,6356.7,0.6732,21.44,48.01,20.23,28.1949204842,53.16041802790001,6.83117408269,51.198487045700006
banana,2016,Whole Year,Tamil Nadu,90993.0,3028869,912.4,13944677.25,31847.55,33.24096774,100.23,82.01,50.05,27.3767983057,80.35812258109999,5.98389318024,104.6269804001
coconut,2016,Whole Year,Tamil Nadu,435621.0,4706400000,912.4,66758918.25,152467.35,10719.08742,21.98,16.93,30.59,27.4098921723,94.84427180610001,5.97656212619,175.686645804
cotton,2016,Kharif,Tamil Nadu,93679.0,121177,912.4,14356306.75,32787.65,1.335,117.77,46.24,19.56,23.988957895200002,79.8434742538,6.91267549578,80.3980431193
cotton,2016,Rabi,Tamil Nadu,54532.0,80339,912.4,8357029.0,19086.2,1.55037037,117.77,46.24,19.56,23.988957895200002,79.8434742538,6.91267549578,80.3980431193
maize,2016,Kharif,Tamil Nadu,169144.0,770221,912.4,25921318.0,59200.4,4.682222222,77.76,48.44,19.79,22.3892039102,65.0922494467,6.2451897224,84.766987663
maize,2016,Rabi,Tamil Nadu,145886.0,183156,912.4,22357029.5,51060.1,1.654827586,77.76,48.44,19.79,22.3892039102,65.0922494467,6.2451897224,84.766987663
mungbean,2016,Kharif,Tamil Nadu,28751.0,23234,912.4,4406090.75,10062.85,0.764230769,20.99,47.28,19.87,28.5257747353,85.49997454300001,6.72395694037,48.403600902899996
mungbean,2016,Rabi,Tamil Nadu,137223.0,32853,912.4,21029424.75,48028.05,0.224285714,20.99,47.28,19.87,28.5257747353,85.49997454300001,6.72395694037,48.403600902899996
rice,2016,Kharif,Tamil Nadu,1442841.0,3554113,912.4,221115383.3,504994.35,3.068387097,79.89,47.58,39.87,23.6893322105,82.2728215389,6.425470922140001,236.181113594
blackgram,2016,Kharif,Tamil Nadu,71477.0,55256,912.4,10953850.25,25016.95,0.744666667,40.02,67.47,19.24,29.9733396789,65.1184255887,7.13395162948,67.8841511832
blackgram,2016,Rabi,Tamil Nadu,358307.0,129356,912.4,54910547.75,125407.45,0.357,40.02,67.47,19.24,29.9733396789,65.1184255887,7.13395162948,67.8841511832
pigeonpeas,2017,Kharif,Andhra Pradesh,275367.0,116695,868.2,43353780.48,104639.46,0.567692308,20.73,67.73,20.29,27.7417622259,48.0616330847,5.794174879790001,149.4575638135
pigeonpeas,2017,Rabi,Andhra Pradesh,4148.0,3394,868.2,653061.12,1576.24,0.55,20.73,67.73,20.29,27.7417622259,48.0616330847,5.794174879790001,149.4575638135
mothbeans,2017,Kharif,Andhra Pradesh,43367.0,82916,868.2,6827700.48,16479.46,1.854545455,21.44,48.01,20.23,28.1949204842,53.16041802790001,6.83117408269,51.198487045700006
mothbeans,2017,Rabi,Andhra Pradesh,4990.0,10252,868.2,785625.6,1896.2,1.833333333,21.44,48.01,20.23,28.1949204842,53.16041802790001,6.83117408269,51.198487045700006
banana,2017,Whole Year,Andhra Pradesh,55130.0,5961326,868.2,8679667.2,20949.4,116.2230769,100.23,82.01,50.05,27.3767983057,80.35812258109999,5.98389318024,104.6269804001
coconut,2017,Whole Year,Andhra Pradesh,103968.0,1397800000,868.2,16368721.92,39507.84,12746.54,21.98,16.93,30.59,27.4098921723,94.84427180610001,5.97656212619,175.686645804
cotton,2017,Kharif,Andhra Pradesh,643942.0,2083754,868.2,101382228.5,244697.96,2.660769231,117.77,46.24,19.56,23.988957895200002,79.8434742538,6.91267549578,80.3980431193
cotton,2017,Rabi,Andhra Pradesh,2097.0,4116,868.2,330151.68,796.86,2.116,117.77,46.24,19.56,23.988957895200002,79.8434742538,6.91267549578,80.3980431193
maize,2017,Kharif,Andhra Pradesh,107276.0,501801,868.2,16889533.44,40764.88,4.422307692,77.76,48.44,19.79,22.3892039102,65.0922494467,6.2451897224,84.766987663
maize,2017,Rabi,Andhra Pradesh,229264.0,1824103,868.2,36095324.16,87120.32,7.576153846,77.76,48.44,19.79,22.3892039102,65.0922494467,6.2451897224,84.766987663
mungbean,2017,Kharif,Andhra Pradesh,18008.0,10705,868.2,2835179.52,6843.04,0.625384615,20.99,47.28,19.87,28.5257747353,85.49997454300001,6.72395694037,48.403600902899996
mungbean,2017,Rabi,Andhra Pradesh,121311.0,81419,868.2,19099203.84,46098.18,0.693076923,20.99,47.28,19.87,28.5257747353,85.49997454300001,6.72395694037,48.403600902899996
rice,2017,Kharif,Andhra Pradesh,1476928.0,4941933,868.2,232527544.3,561232.64,3.25,79.89,47.58,39.87,23.6893322105,82.2728215389,6.425470922140001,236.181113594
rice,2017,Rabi,Andhra Pradesh,741258.0,3519409,868.2,116703659.5,281678.04,3.887692308,79.89,47.58,39.87,23.6893322105,82.2728215389,6.425470922140001,236.181113594
blackgram,2017,Kharif,Andhra Pradesh,45798.0,37675,868.2,7210437.12,17403.24,0.87,40.02,67.47,19.24,29.9733396789,65.1184255887,7.13395162948,67.8841511832
blackgram,2017,Rabi,Andhra Pradesh,357442.0,333413,868.2,56275668.48,135827.96,0.911538462,40.02,67.47,19.24,29.9733396789,65.1184255887,7.13395162948,67.8841511832
pigeonpeas,2017,Kharif,Tamil Nadu,49225.0,53786,970.9,7749984.0,18705.5,1.103928571,20.73,67.73,20.29,27.7417622259,48.0616330847,5.794174879790001,149.4575638135
mothbeans,2017,Kharif,Tamil Nadu,46028.0,108435,970.9,7246648.32,17490.64,2.344166667,21.44,48.01,20.23,28.1949204842,53.16041802790001,6.83117408269,51.198487045700006
mothbeans,2017,Rabi,Tamil Nadu,17001.0,35113,970.9,2676637.44,6460.38,2.121851852,21.44,48.01,20.23,28.1949204842,53.16041802790001,6.83117408269,51.198487045700006
banana,2017,Whole Year,Tamil Nadu,78482.0,3044122,970.9,12356206.08,29823.16,37.84677419,100.23,82.01,50.05,27.3767983057,80.35812258109999,5.98389318024,104.6269804001
coconut,2017,Whole Year,Tamil Nadu,436024.0,4176500000,970.9,68647618.56,165689.12,9387.334516,21.98,16.93,30.59,27.4098921723,94.84427180610001,5.97656212619,175.686645804
cotton,2017,Kharif,Tamil Nadu,138290.0,337,970.9,21772377.6,52550.2,0.0,117.77,46.24,19.56,23.988957895200002,79.8434742538,6.91267549578,80.3980431193
cotton,2017,Rabi,Tamil Nadu,43341.0,101,970.9,6823607.04,16469.58,0.0,117.77,46.24,19.56,23.988957895200002,79.8434742538,6.91267549578,80.3980431193
maize,2017,Kharif,Tamil Nadu,166195.0,1532106,970.9,26165740.8,63154.1,8.962,77.76,48.44,19.79,22.3892039102,65.0922494467,6.2451897224,84.766987663
maize,2017,Rabi,Tamil Nadu,158323.0,1059526,970.9,24926373.12,60162.74,6.956785714,77.76,48.44,19.79,22.3892039102,65.0922494467,6.2451897224,84.766987663
mungbean,2017,Kharif,Tamil Nadu,29447.0,17926,970.9,4636135.68,11189.86,0.642142857,20.99,47.28,19.87,28.5257747353,85.49997454300001,6.72395694037,48.403600902899996
mungbean,2017,Rabi,Tamil Nadu,151140.0,60333,970.9,23795481.6,57433.2,0.446296296,20.99,47.28,19.87,28.5257747353,85.49997454300001,6.72395694037,48.403600902899996
rice,2017,Autumn,Tamil Nadu,235255.0,906616,970.9,37038547.2,89396.9,3.967857143,79.89,47.58,39.87,23.6893322105,82.2728215389,6.425470922140001,236.181113594
rice,2017,Summer,Tamil Nadu,276272.0,1234550,970.9,43496263.68,104983.36,4.451428571,79.89,47.58,39.87,23.6893322105,82.2728215389,6.425470922140001,236.181113594
rice,2017,Winter,Tamil Nadu,1317338.0,4497284,970.9,207401694.7,500588.44,4.139,79.89,47.58,39.87,23.6893322105,82.2728215389,6.425470922140001,236.181113594
blackgram,2017,Kharif,Tamil Nadu,58422.0,53226,970.9,9197959.68,22200.36,0.892,40.02,67.47,19.24,29.9733396789,65.1184255887,7.13395162948,67.8841511832
blackgram,2017,Rabi,Tamil Nadu,367910.0,248377,970.9,57923750.4,139805.8,0.679666667,40.02,67.47,19.24,29.9733396789,65.1184255887,7.13395162948,67.8841511832
pigeonpeas,2018,Kharif,Andhra Pradesh,245675.0,44213,1220.5,39848485.0,85986.25,0.311538462,20.73,67.73,20.29,27.7417622259,48.0616330847,5.794174879790001,149.4575638135
pigeonpeas,2018,Rabi,Andhra Pradesh,4099.0,1352,1220.5,664857.8,1434.65,0.31,20.73,67.73,20.29,27.7417622259,48.0616330847,5.794174879790001,149.4575638135
mothbeans,2018,Kharif,Andhra Pradesh,20932.0,21212,1220.5,3395170.4,7326.2,1.300909091,21.44,48.01,20.23,28.1949204842,53.16041802790001,6.83117408269,51.198487045700006
mothbeans,2018,Rabi,Andhra Pradesh,1182.0,1586,1220.5,191720.4,413.7,1.353333333,21.44,48.01,20.23,28.1949204842,53.16041802790001,6.83117408269,51.198487045700006
banana,2018,Whole Year,Andhra Pradesh,59098.0,6223680,1220.5,9585695.6,20684.3,126.3876923,100.23,82.01,50.05,27.3767983057,80.35812258109999,5.98389318024,104.6269804001
coconut,2018,Whole Year,Andhra Pradesh,104530.0,1571100000,1220.5,16954766.0,36585.5,15636.63231,21.98,16.93,30.59,27.4098921723,94.84427180610001,5.97656212619,175.686645804
cotton,2018,Kharif,Andhra Pradesh,616870.0,1482941,1220.5,100056314.0,215904.5,2.386153846,117.77,46.24,19.56,23.988957895200002,79.8434742538,6.91267549578,80.3980431193
cotton,2018,Rabi,Andhra Pradesh,3404.0,8162,1220.5,552128.8,1191.4,2.251666667,117.77,46.24,19.56,23.988957895200002,79.8434742538,6.91267549578,80.3980431193
maize,2018,Kharif,Andhra Pradesh,104370.0,431440,1220.5,16928814.0,36529.5,3.716923077,77.76,48.44,19.79,22.3892039102,65.0922494467,6.2451897224,84.766987663
maize,2018,Rabi,Andhra Pradesh,161853.0,1131719,1220.5,26252556.6,56648.55,5.788461538,77.76,48.44,19.79,22.3892039102,65.0922494467,6.2451897224,84.766987663
mungbean,2018,Kharif,Andhra Pradesh,17874.0,5247,1220.5,2899162.8,6255.9,0.608461538,20.99,47.28,19.87,28.5257747353,85.49997454300001,6.72395694037,48.403600902899996
mungbean,2018,Rabi,Andhra Pradesh,103081.0,79502,1220.5,16719738.2,36078.35,0.678461538,20.99,47.28,19.87,28.5257747353,85.49997454300001,6.72395694037,48.403600902899996
rice,2018,Kharif,Andhra Pradesh,1563887.0,5243250,1220.5,253662471.4,547360.45,3.263846154,79.89,47.58,39.87,23.6893322105,82.2728215389,6.425470922140001,236.181113594
rice,2018,Rabi,Andhra Pradesh,644417.0,2991289,1220.5,104524437.4,225545.95,3.699230769,79.89,47.58,39.87,23.6893322105,82.2728215389,6.425470922140001,236.181113594
blackgram,2018,Kharif,Andhra Pradesh,22364.0,18119,1220.5,3627440.8,7827.4,0.754615385,40.02,67.47,19.24,29.9733396789,65.1184255887,7.13395162948,67.8841511832
blackgram,2018,Rabi,Andhra Pradesh,295651.0,292412,1220.5,47954592.2,103477.85,0.782307692,40.02,67.47,19.24,29.9733396789,65.1184255887,7.13395162948,67.8841511832
pigeonpeas,2018,Kharif,Tamil Nadu,41381.0,51632,986.2,6711998.2,14483.35,1.188571429,20.73,67.73,20.29,27.7417622259,48.0616330847,5.794174879790001,149.4575638135
mothbeans,2018,Kharif,Tamil Nadu,31109.0,88494,986.2,5045879.8,10888.15,2.8308,21.44,48.01,20.23,28.1949204842,53.16041802790001,6.83117408269,51.198487045700006
mothbeans,2018,Rabi,Tamil Nadu,15773.0,29516,986.2,2558380.6,5520.55,2.042692308,21.44,48.01,20.23,28.1949204842,53.16041802790001,6.83117408269,51.198487045700006
banana,2018,Whole Year,Tamil Nadu,87514.0,3483248,986.2,14194770.8,30629.9,37.39125,100.23,82.01,50.05,27.3767983057,80.35812258109999,5.98389318024,104.6269804001
coconut,2018,Whole Year,Tamil Nadu,439745.0,5214000000,986.2,71326639.0,153910.75,11263.83,21.98,16.93,30.59,27.4098921723,94.84427180610001,5.97656212619,175.686645804
cotton,2018,Kharif,Tamil Nadu,70023.0,151758,986.2,11357730.6,24508.05,2.13,117.77,46.24,19.56,23.988957895200002,79.8434742538,6.91267549578,80.3980431193
cotton,2018,Rabi,Tamil Nadu,64899.0,168541,986.2,10526617.8,22714.65,2.738076923,117.77,46.24,19.56,23.988957895200002,79.8434742538,6.91267549578,80.3980431193
maize,2018,Kharif,Tamil Nadu,168944.0,1283603,986.2,27402716.8,59130.4,7.625384615,77.76,48.44,19.79,22.3892039102,65.0922494467,6.2451897224,84.766987663
maize,2018,Rabi,Tamil Nadu,221658.0,1550834,986.2,35952927.6,77580.3,6.984,77.76,48.44,19.79,22.3892039102,65.0922494467,6.2451897224,84.766987663
mungbean,2018,Kharif,Tamil Nadu,26977.0,18186,986.2,4375669.4,9441.95,0.6508,20.99,47.28,19.87,28.5257747353,85.49997454300001,6.72395694037,48.403600902899996
mungbean,2018,Rabi,Tamil Nadu,143341.0,58676,986.2,23249910.2,50169.35,0.402857143,20.99,47.28,19.87,28.5257747353,85.49997454300001,6.72395694037,48.403600902899996
rice,2018,Autumn,Tamil Nadu,279647.0,1198496,986.2,45358743.4,97876.45,4.184827586,79.89,47.58,39.87,23.6893322105,82.2728215389,6.425470922140001,236.181113594
rice,2018,Summer,Tamil Nadu,236904.0,992095,986.2,38425828.8,82916.4,3.997333333,79.89,47.58,39.87,23.6893322105,82.2728215389,6.425470922140001,236.181113594
rice,2018,Winter,Tamil Nadu,1204714.0,3940959,986.2,195404610.8,421649.9,3.749032258,79.89,47.58,39.87,23.6893322105,82.2728215389,6.425470922140001,236.181113594
blackgram,2018,Kharif,Tamil Nadu,44495.0,33810,986.2,7217089.0,15573.25,0.777,40.02,67.47,19.24,29.9733396789,65.1184255887,7.13395162948,67.8841511832
blackgram,2018,Rabi,Tamil Nadu,396479.0,240497,986.2,64308893.8,138767.65,0.607,40.02,67.47,19.24,29.9733396789,65.1184255887,7.13395162948,67.8841511832
pigeonpeas,2019,Kharif,Andhra Pradesh,237647.0,114451,899.2,40818248.72,87929.39,0.44,20.73,67.73,20.29,27.7417622259,48.0616330847,5.794174879790001,149.4575638135
pigeonpeas,2019,Rabi,Andhra Pradesh,5940.0,3747,899.2,1020254.4,2197.8,0.43,20.73,67.73,20.29,27.7417622259,48.0616330847,5.794174879790001,149.4575638135
mothbeans,2019,Kharif,Andhra Pradesh,20484.0,47045,899.2,3518331.84,7579.08,2.004545455,21.44,48.01,20.23,28.1949204842,53.16041802790001,6.83117408269,51.198487045700006
mothbeans,2019,Rabi,Andhra Pradesh,4592.0,11322,899.2,788721.92,1699.04,2.48,21.44,48.01,20.23,28.1949204842,53.16041802790001,6.83117408269,51.198487045700006
banana,2019,Whole Year,Andhra Pradesh,97695.0,5861700,899.2,16780093.2,36147.15,60.0,100.23,82.01,50.05,27.3767983057,80.35812258109999,5.98389318024,104.6269804001
coconut,2019,Whole Year,Andhra Pradesh,104027.0,1912224000,899.2,17867677.52,38489.99,16935.05846,21.98,16.93,30.59,27.4098921723,94.84427180610001,5.97656212619,175.686645804
cotton,2019,Kharif,Andhra Pradesh,653953.0,424486,899.2,112322967.3,241962.61,0.543846154,117.77,46.24,19.56,23.988957895200002,79.8434742538,6.91267549578,80.3980431193
cotton,2019,Rabi,Andhra Pradesh,3474.0,11066,899.2,596694.24,1285.38,3.305,117.77,46.24,19.56,23.988957895200002,79.8434742538,6.91267549578,80.3980431193
maize,2019,Kharif,Andhra Pradesh,95591.0,450932,899.2,16418710.16,35368.67,4.653076923,77.76,48.44,19.79,22.3892039102,65.0922494467,6.2451897224,84.766987663
maize,2019,Rabi,Andhra Pradesh,205100.0,1670288,899.2,35227976.0,75887.0,6.698461538,77.76,48.44,19.79,22.3892039102,65.0922494467,6.2451897224,84.766987663
mungbean,2019,Kharif,Andhra Pradesh,13444.0,5138,899.2,2309141.44,4974.28,0.625384615,20.99,47.28,19.87,28.5257747353,85.49997454300001,6.72395694037,48.403600902899996
mungbean,2019,Rabi,Andhra Pradesh,93535.0,81072,899.2,16065571.6,34607.95,0.885384615,20.99,47.28,19.87,28.5257747353,85.49997454300001,6.72395694037,48.403600902899996
rice,2019,Kharif,Andhra Pradesh,1526425.0,5342033,899.2,262178758.0,564777.25,3.517692308,79.89,47.58,39.87,23.6893322105,82.2728215389,6.425470922140001,236.181113594
rice,2019,Rabi,Andhra Pradesh,829557.0,3798058,899.2,142484710.3,306936.09,3.873076923,79.89,47.58,39.87,23.6893322105,82.2728215389,6.425470922140001,236.181113594
blackgram,2019,Kharif,Andhra Pradesh,15242.0,14254,899.2,2617965.92,5639.54,0.834615385,40.02,67.47,19.24,29.9733396789,65.1184255887,7.13395162948,67.8841511832
blackgram,2019,Rabi,Andhra Pradesh,287929.0,315055,899.2,49454685.04,106533.73,0.944615385,40.02,67.47,19.24,29.9733396789,65.1184255887,7.13395162948,67.8841511832
pigeonpeas,2019,Kharif,Tamil Nadu,38920.0,49905,910.1,6684899.2,14400.4,1.2748,20.73,67.73,20.29,27.7417622259,48.0616330847,5.794174879790001,149.4575638135
pigeonpeas,2019,Rabi,Tamil Nadu,2894.0,3331,910.1,497073.44,1070.78,1.2344,20.73,67.73,20.29,27.7417622259,48.0616330847,5.794174879790001,149.4575638135
mothbeans,2019,Kharif,Tamil Nadu,50298.0,140059,910.1,8639184.48,18610.26,2.9272,21.44,48.01,20.23,28.1949204842,53.16041802790001,6.83117408269,51.198487045700006
mothbeans,2019,Rabi,Tamil Nadu,17194.0,45024,910.1,2953241.44,6361.78,2.6984,21.44,48.01,20.23,28.1949204842,53.16041802790001,6.83117408269,51.198487045700006
banana,2019,Whole Year,Tamil Nadu,92440.0,3987895,910.1,15877494.4,34202.8,42.7084375,100.23,82.01,50.05,27.3767983057,80.35812258109999,5.98389318024,104.6269804001
coconut,2019,Whole Year,Tamil Nadu,438935.0,4946800000,910.1,75391475.6,162405.95,8795.260556,21.98,16.93,30.59,27.4098921723,94.84427180610001,5.97656212619,175.686645804
cotton,2019,Kharif,Tamil Nadu,96681.0,235305,910.1,16605928.56,35771.97,2.533461538,117.77,46.24,19.56,23.988957895200002,79.8434742538,6.91267549578,80.3980431193
cotton,2019,Rabi,Tamil Nadu,72817.0,182776,910.1,12507047.92,26942.29,2.717307692,117.77,46.24,19.56,23.988957895200002,79.8434742538,6.91267549578,80.3980431193
maize,2019,Kharif,Tamil Nadu,168587.0,1506526,910.1,28956503.12,62377.19,8.614827586,77.76,48.44,19.79,22.3892039102,65.0922494467,6.2451897224,84.766987663
maize,2019,Rabi,Tamil Nadu,164978.0,1108221,910.1,28336621.28,61041.86,6.841666667,77.76,48.44,19.79,22.3892039102,65.0922494467,6.2451897224,84.766987663
mungbean,2019,Kharif,Tamil Nadu,22747.0,13049,910.1,3907024.72,8416.39,0.587407407,20.99,47.28,19.87,28.5257747353,85.49997454300001,6.72395694037,48.403600902899996
mungbean,2019,Rabi,Tamil Nadu,149191.0,63365,910.1,25625046.16,55200.67,0.47137931,20.99,47.28,19.87,28.5257747353,85.49997454300001,6.72395694037,48.403600902899996
rice,2019,Autumn,Tamil Nadu,206535.0,847692,910.1,35474451.6,76417.95,4.077241379,79.89,47.58,39.87,23.6893322105,82.2728215389,6.425470922140001,236.181113594
rice,2019,Summer,Tamil Nadu,339990.0,1463054,910.1,58396682.4,125796.3,4.095,79.89,47.58,39.87,23.6893322105,82.2728215389,6.425470922140001,236.181113594
rice,2019,Winter,Tamil Nadu,1360882.0,4954415,910.1,233745092.3,503526.34,3.818387097,79.89,47.58,39.87,23.6893322105,82.2728215389,6.425470922140001,236.181113594
blackgram,2019,Kharif,Tamil Nadu,42597.0,35846,910.1,7316460.72,15760.89,0.854333333,40.02,67.47,19.24,29.9733396789,65.1184255887,7.13395162948,67.8841511832
blackgram,2019,Rabi,Tamil Nadu,362726.0,281577,910.1,62301817.76,134208.62,0.759,40.02,67.47,19.24,29.9733396789,65.1184255887,7.13395162948,67.8841511832
pigeonpeas,1997,Kharif,Andhra Pradesh,313900.0,55600,927.5,29873863.0,97309.0,0.197727273,20.73,67.73,20.29,27.7417622259,48.0616330847,5.794174879790001,149.4575638135
pigeonpeas,1997,Rabi,Andhra Pradesh,3500.0,1400,927.5,333095.0,1085.0,0.474,20.73,67.73,20.29,27.7417622259,48.0616330847,5.794174879790001,149.4575638135
mothbeans,1997,Kharif,Andhra Pradesh,89400.0,63600,927.5,8508198.0,27714.0,0.815882353,21.44,48.01,20.23,28.1949204842,53.16041802790001,6.83117408269,51.198487045700006
cotton,1997,Kharif,Andhra Pradesh,906300.0,1320400,927.5,86252571.0,280953.0,1.643333333,117.77,46.24,19.56,23.988957895200002,79.8434742538,6.91267549578,80.3980431193
maize,1997,Kharif,Andhra Pradesh,305100.0,791500,927.5,29036367.0,94581.0,2.201818182,77.76,48.44,19.79,22.3892039102,65.0922494467,6.2451897224,84.766987663
maize,1997,Rabi,Andhra Pradesh,90800.0,291800,927.5,8641436.0,28148.0,3.21,77.76,48.44,19.79,22.3892039102,65.0922494467,6.2451897224,84.766987663
mungbean,1997,Kharif,Andhra Pradesh,316800.0,80900,927.5,30149856.0,98208.0,0.34,20.99,47.28,19.87,28.5257747353,85.49997454300001,6.72395694037,48.403600902899996
mungbean,1997,Rabi,Andhra Pradesh,137000.0,53200,927.5,13038290.0,42470.0,0.363333333,20.99,47.28,19.87,28.5257747353,85.49997454300001,6.72395694037,48.403600902899996
rice,1997,Kharif,Andhra Pradesh,2382500.0,5218300,927.5,226742525.0,738575.0,1.99173913,79.89,47.58,39.87,23.6893322105,82.2728215389,6.425470922140001,236.181113594
rice,1997,Rabi,Andhra Pradesh,1117700.0,3291700,927.5,106371509.0,346487.0,2.64,79.89,47.58,39.87,23.6893322105,82.2728215389,6.425470922140001,236.181113594
blackgram,1997,Kharif,Andhra Pradesh,88400.0,24700,927.5,8413028.0,27404.0,0.2525,40.02,67.47,19.24,29.9733396789,65.1184255887,7.13395162948,67.8841511832
blackgram,1997,Rabi,Andhra Pradesh,413000.0,190700,927.5,39305210.0,128030.0,0.388125,40.02,67.47,19.24,29.9733396789,65.1184255887,7.13395162948,67.8841511832
pigeonpeas,1998,Kharif,Andhra Pradesh,390800.0,169100,1048.3,38611040.0,113332.0,0.461818182,20.73,67.73,20.29,27.7417622259,48.0616330847,5.794174879790001,149.4575638135
pigeonpeas,1998,Rabi,Andhra Pradesh,3100.0,1600,1048.3,306280.0,899.0,0.56,20.73,67.73,20.29,27.7417622259,48.0616330847,5.794174879790001,149.4575638135
mothbeans,1998,Kharif,Andhra Pradesh,120000.0,114500,1048.3,11856000.0,34800.0,0.988235294,21.44,48.01,20.23,28.1949204842,53.16041802790001,6.83117408269,51.198487045700006
mothbeans,1998,Rabi,Andhra Pradesh,7300.0,4600,1048.3,721240.0,2117.0,0.905714286,21.44,48.01,20.23,28.1949204842,53.16041802790001,6.83117408269,51.198487045700006
cotton,1998,Kharif,Andhra Pradesh,1280900.0,1522100,1048.3,126552920.0,371461.0,1.093809524,117.77,46.24,19.56,23.988957895200002,79.8434742538,6.91267549578,80.3980431193
maize,1998,Kharif,Andhra Pradesh,314900.0,1019800,1048.3,31112120.0,91321.0,2.479545455,77.76,48.44,19.79,22.3892039102,65.0922494467,6.2451897224,84.766987663
maize,1998,Rabi,Andhra Pradesh,83700.0,363700,1048.3,8269560.0,24273.0,4.245,77.76,48.44,19.79,22.3892039102,65.0922494467,6.2451897224,84.766987663
mungbean,1998,Kharif,Andhra Pradesh,333300.0,163500,1048.3,32930040.0,96657.0,0.560909091,20.99,47.28,19.87,28.5257747353,85.49997454300001,6.72395694037,48.403600902899996
mungbean,1998,Rabi,Andhra Pradesh,136800.0,53900,1048.3,13515840.0,39672.0,0.354285714,20.99,47.28,19.87,28.5257747353,85.49997454300001,6.72395694037,48.403600902899996
rice,1998,Kharif,Andhra Pradesh,2812400.0,7005800,1048.3,277865120.0,815596.0,2.47,79.89,47.58,39.87,23.6893322105,82.2728215389,6.425470922140001,236.181113594
rice,1998,Rabi,Andhra Pradesh,1504200.0,4872200,1048.3,148614960.0,436218.0,2.986086957,79.89,47.58,39.87,23.6893322105,82.2728215389,6.425470922140001,236.181113594
blackgram,1998,Kharif,Andhra Pradesh,75500.0,30900,1048.3,7459400.0,21895.0,0.658823529,40.02,67.47,19.24,29.9733396789,65.1184255887,7.13395162948,67.8841511832
blackgram,1998,Rabi,Andhra Pradesh,354800.0,230600,1048.3,35054240.0,102892.0,0.544117647,40.02,67.47,19.24,29.9733396789,65.1184255887,7.13395162948,67.8841511832
pigeonpeas,1998,Kharif,Tamil Nadu,113783.0,99516,1077.1,11241760.4,32997.07,0.8125,20.73,67.73,20.29,27.7417622259,48.0616330847,5.794174879790001,149.4575638135
mothbeans,1998,Kharif,Tamil Nadu,196002.0,309644,1077.1,19364997.6,56840.58,1.783043478,21.44,48.01,20.23,28.1949204842,53.16041802790001,6.83117408269,51.198487045700006
banana,1998,Whole Year,Tamil Nadu,74681.0,3649318,1077.1,7378482.8,21657.49,44.85214286,100.23,82.01,50.05,27.3767983057,80.35812258109999,5.98389318024,104.6269804001
cotton,1998,Kharif,Tamil Nadu,242830.0,429535,1077.1,23991604.0,70420.7,1.9364,117.77,46.24,19.56,23.988957895200002,79.8434742538,6.91267549578,80.3980431193
maize,1998,Kharif,Tamil Nadu,70179.0,111983,1077.1,6933685.2,20351.91,1.606666667,77.76,48.44,19.79,22.3892039102,65.0922494467,6.2451897224,84.766987663
mungbean,1998,Kharif,Tamil Nadu,183249.0,91770,1077.1,18105001.2,53142.21,0.488148148,20.99,47.28,19.87,28.5257747353,85.49997454300001,6.72395694037,48.403600902899996
rice,1998,Kharif,Tamil Nadu,2386399.0,8215286,1077.1,235776221.2,692055.71,3.445,79.89,47.58,39.87,23.6893322105,82.2728215389,6.425470922140001,236.181113594
blackgram,1998,Kharif,Tamil Nadu,446130.0,218245,1077.1,44077644.0,129377.7,0.505925926,40.02,67.47,19.24,29.9733396789,65.1184255887,7.13395162948,67.8841511832
pigeonpeas,1999,Kharif,Tamil Nadu,87782.0,62411,922.8,9316303.66,23701.14,0.680769231,20.73,67.73,20.29,27.7417622259,48.0616330847,5.794174879790001,149.4575638135
mothbeans,1999,Kharif,Tamil Nadu,177406.0,258774,922.8,18828098.78,47899.62,1.7384,21.44,48.01,20.23,28.1949204842,53.16041802790001,6.83117408269,51.198487045700006
banana,1999,Whole Year,Tamil Nadu,86449.0,2762324,922.8,9174832.37,23341.23,29.60071429,100.23,82.01,50.05,27.3767983057,80.35812258109999,5.98389318024,104.6269804001
cotton,1999,Kharif,Tamil Nadu,184707.0,287965,922.8,19602953.91,49870.89,1.762222222,117.77,46.24,19.56,23.988957895200002,79.8434742538,6.91267549578,80.3980431193
maize,1999,Kharif,Tamil Nadu,115803.0,183765,922.8,12290172.39,31266.81,1.688,77.76,48.44,19.79,22.3892039102,65.0922494467,6.2451897224,84.766987663
mungbean,1999,Kharif,Tamil Nadu,175337.0,93209,922.8,18608515.81,47340.99,0.541538462,20.99,47.28,19.87,28.5257747353,85.49997454300001,6.72395694037,48.403600902899996
rice,1999,Kharif,Tamil Nadu,2204046.0,7225373,922.8,233915402.0,595092.42,3.499642857,79.89,47.58,39.87,23.6893322105,82.2728215389,6.425470922140001,236.181113594
blackgram,1999,Kharif,Tamil Nadu,439604.0,218071,922.8,46655172.52,118693.08,0.517777778,40.02,67.47,19.24,29.9733396789,65.1184255887,7.13395162948,67.8841511832
pigeonpeas,2000,Kharif,Tamil Nadu,84929.0,60293,971.1,8337479.93,22081.54,0.674347826,20.73,67.73,20.29,27.7417622259,48.0616330847,5.794174879790001,149.4575638135
mothbeans,2000,Kharif,Tamil Nadu,199655.0,303245,971.1,19600131.35,51910.3,1.5484,21.44,48.01,20.23,28.1949204842,53.16041802790001,6.83117408269,51.198487045700006
banana,2000,Whole Year,Tamil Nadu,77485.0,2473512,971.1,7606702.45,20146.1,29.60107143,100.23,82.01,50.05,27.3767983057,80.35812258109999,5.98389318024,104.6269804001
cotton,2000,Kharif,Tamil Nadu,193850.0,325079,971.1,19030254.5,50401.0,1.807777778,117.77,46.24,19.56,23.988957895200002,79.8434742538,6.91267549578,80.3980431193
maize,2000,Kharif,Tamil Nadu,119802.0,193854,971.1,11760962.34,31148.52,1.629090909,77.76,48.44,19.79,22.3892039102,65.0922494467,6.2451897224,84.766987663
mungbean,2000,Kharif,Tamil Nadu,198603.0,90864,971.1,19496856.51,51636.78,0.484814815,20.99,47.28,19.87,28.5257747353,85.49997454300001,6.72395694037,48.403600902899996
rice,2000,Kharif,Tamil Nadu,2113344.0,7217903,971.1,207466980.5,549469.44,3.611785714,79.89,47.58,39.87,23.6893322105,82.2728215389,6.425470922140001,236.181113594
blackgram,2000,Kharif,Tamil Nadu,503982.0,244412,971.1,49475912.94,131035.32,0.517777778,40.02,67.47,19.24,29.9733396789,65.1184255887,7.13395162948,67.8841511832
pigeonpeas,2001,Kharif,Tamil Nadu,63613.0,41420,481.3,6496795.69,16539.38,0.623333333,20.73,67.73,20.29,27.7417622259,48.0616330847,5.794174879790001,149.4575638135
mothbeans,2001,Kharif,Tamil Nadu,125093.0,152971,481.3,12775748.09,32524.18,1.3948,21.44,48.01,20.23,28.1949204842,53.16041802790001,6.83117408269,51.198487045700006
cotton,2001,Kharif,Tamil Nadu,164169.0,229732,481.3,16766579.97,42683.94,1.450740741,117.77,46.24,19.56,23.988957895200002,79.8434742538,6.91267549578,80.3980431193
mungbean,2001,Kharif,Tamil Nadu,128995.0,53470,481.3,13174259.35,33538.7,0.415925926,20.99,47.28,19.87,28.5257747353,85.49997454300001,6.72395694037,48.403600902899996
rice,2001,Kharif,Tamil Nadu,2059878.0,6583630,481.3,210375340.1,535568.28,3.532857143,79.89,47.58,39.87,23.6893322105,82.2728215389,6.425470922140001,236.181113594
blackgram,2001,Kharif,Tamil Nadu,266123.0,104320,481.3,27179141.99,69191.98,0.441481481,40.02,67.47,19.24,29.9733396789,65.1184255887,7.13395162948,67.8841511832
pigeonpeas,2004,Kharif,Andhra Pradesh,471825.0,215214,781.8,51117520.5,99083.25,0.479090909,20.73,67.73,20.29,27.7417622259,48.0616330847,5.794174879790001,149.4575638135
pigeonpeas,2004,Rabi,Andhra Pradesh,8452.0,3792,781.8,915689.68,1774.92,0.485,20.73,67.73,20.29,27.7417622259,48.0616330847,5.794174879790001,149.4575638135
mothbeans,2004,Kharif,Andhra Pradesh,83441.0,74571,781.8,9039997.94,17522.61,0.86,21.44,48.01,20.23,28.1949204842,53.16041802790001,6.83117408269,51.198487045700006
mothbeans,2004,Rabi,Andhra Pradesh,10128.0,6712,781.8,1097267.52,2126.88,0.661818182,21.44,48.01,20.23,28.1949204842,53.16041802790001,6.83117408269,51.198487045700006
banana,2004,Whole Year,Andhra Pradesh,40906.0,980481,781.8,4431756.04,8590.26,26.37047619,100.23,82.01,50.05,27.3767983057,80.35812258109999,5.98389318024,104.6269804001
coconut,2004,Whole Year,Andhra Pradesh,103869.0,1199311362,781.8,11253167.46,21812.49,10469.71389,21.98,16.93,30.59,27.4098921723,94.84427180610001,5.97656212619,175.686645804
cotton,2004,Kharif,Andhra Pradesh,1178419.0,2190549,781.8,127669914.5,247467.99,1.901428571,117.77,46.24,19.56,23.988957895200002,79.8434742538,6.91267549578,80.3980431193
maize,2004,Kharif,Andhra Pradesh,505358.0,1238622,781.8,54750485.72,106125.18,2.819545455,77.76,48.44,19.79,22.3892039102,65.0922494467,6.2451897224,84.766987663
maize,2004,Rabi,Andhra Pradesh,151474.0,824920,781.8,16410693.16,31809.54,5.235714286,77.76,48.44,19.79,22.3892039102,65.0922494467,6.2451897224,84.766987663
mungbean,2004,Kharif,Andhra Pradesh,304051.0,110550,781.8,32940885.34,63850.71,0.367727273,20.99,47.28,19.87,28.5257747353,85.49997454300001,6.72395694037,48.403600902899996
mungbean,2004,Rabi,Andhra Pradesh,150094.0,48901,781.8,16261183.96,31519.74,0.368421053,20.99,47.28,19.87,28.5257747353,85.49997454300001,6.72395694037,48.403600902899996
rice,2004,Kharif,Andhra Pradesh,2215067.0,6392717,781.8,239980358.8,465164.07,2.720454545,79.89,47.58,39.87,23.6893322105,82.2728215389,6.425470922140001,236.181113594
rice,2004,Rabi,Andhra Pradesh,871135.0,3208328,781.8,94378765.9,182938.35,2.83,79.89,47.58,39.87,23.6893322105,82.2728215389,6.425470922140001,236.181113594
blackgram,2004,Kharif,Andhra Pradesh,76464.0,35130,781.8,8284109.76,16057.44,0.473636364,40.02,67.47,19.24,29.9733396789,65.1184255887,7.13395162948,67.8841511832
blackgram,2004,Rabi,Andhra Pradesh,351048.0,223561,781.8,38032540.32,73720.08,0.608947368,40.02,67.47,19.24,29.9733396789,65.1184255887,7.13395162948,67.8841511832
pigeonpeas,2007,Kharif,Andhra Pradesh,463000.0,302000,1004.2,61764200.0,74080.0,0.635714286,20.73,67.73,20.29,27.7417622259,48.0616330847,5.794174879790001,149.4575638135
mothbeans,2007,Kharif,Andhra Pradesh,60000.0,81000,1004.2,8004000.0,9600.0,1.391538462,21.44,48.01,20.23,28.1949204842,53.16041802790001,6.83117408269,51.198487045700006
mothbeans,2007,Rabi,Andhra Pradesh,14000.0,11000,1004.2,1867600.0,2240.0,0.9175,21.44,48.01,20.23,28.1949204842,53.16041802790001,6.83117408269,51.198487045700006
cotton,2007,Kharif,Andhra Pradesh,1134000.0,3489000,1004.2,151275600.0,181440.0,2.668,117.77,46.24,19.56,23.988957895200002,79.8434742538,6.91267549578,80.3980431193
maize,2007,Kharif,Andhra Pradesh,519000.0,2377000,1004.2,69234600.0,83040.0,4.237,77.76,48.44,19.79,22.3892039102,65.0922494467,6.2451897224,84.766987663
maize,2007,Rabi,Andhra Pradesh,267000.0,1754000,1004.2,35617800.0,42720.0,6.2215,77.76,48.44,19.79,22.3892039102,65.0922494467,6.2451897224,84.766987663
mungbean,2007,Kharif,Andhra Pradesh,286000.0,140000,1004.2,38152400.0,45760.0,0.424210526,20.99,47.28,19.87,28.5257747353,85.49997454300001,6.72395694037,48.403600902899996
mungbean,2007,Rabi,Andhra Pradesh,152000.0,52000,1004.2,20276800.0,24320.0,0.500769231,20.99,47.28,19.87,28.5257747353,85.49997454300001,6.72395694037,48.403600902899996
rice,2007,Kharif,Andhra Pradesh,2578000.0,8191000,1004.2,343905200.0,412480.0,3.094545455,79.89,47.58,39.87,23.6893322105,82.2728215389,6.425470922140001,236.181113594
rice,2007,Rabi,Andhra Pradesh,1406000.0,5133000,1004.2,187560400.0,224960.0,3.159090909,79.89,47.58,39.87,23.6893322105,82.2728215389,6.425470922140001,236.181113594
blackgram,2007,Kharif,Andhra Pradesh,96000.0,49000,1004.2,12806400.0,15360.0,0.534375,40.02,67.47,19.24,29.9733396789,65.1184255887,7.13395162948,67.8841511832
blackgram,2007,Rabi,Andhra Pradesh,407000.0,201000,1004.2,54293800.0,65120.0,0.6,40.02,67.47,19.24,29.9733396789,65.1184255887,7.13395162948,67.8841511832
pigeonpeas,2010,Kharif,Tamil Nadu,35751.0,23669,1095.2,5938598.61,8580.24,0.688928571,20.73,67.73,20.29,27.7417622259,48.0616330847,5.794174879790001,149.4575638135
cotton,2010,Kharif,Tamil Nadu,120765.0,247930,1095.2,20060274.15,28983.6,2.360344828,117.77,46.24,19.56,23.988957895200002,79.8434742538,6.91267549578,80.3980431193
maize,2010,Kharif,Tamil Nadu,230489.0,1027536,1095.2,38286527.79,55317.36,4.527857143,77.76,48.44,19.79,22.3892039102,65.0922494467,6.2451897224,84.766987663
mungbean,2010,Kharif,Tamil Nadu,171666.0,57683,1095.2,28515439.26,41199.84,0.465666667,20.99,47.28,19.87,28.5257747353,85.49997454300001,6.72395694037,48.403600902899996
rice,2010,Kharif,Tamil Nadu,1905726.0,5792415,1095.2,316560145.9,457374.24,3.597419355,79.89,47.58,39.87,23.6893322105,82.2728215389,6.425470922140001,236.181113594
blackgram,2010,Kharif,Tamil Nadu,304432.0,123011,1095.2,50569199.52,73063.68,0.484666667,40.02,67.47,19.24,29.9733396789,65.1184255887,7.13395162948,67.8841511832
pigeonpeas,2012,Kharif,Tamil Nadu,42065.0,33105,706.8,6343402.0,13040.15,0.677241379,20.73,67.73,20.29,27.7417622259,48.0616330847,5.794174879790001,149.4575638135
cotton,2012,Kharif,Tamil Nadu,117417.0,208517,706.8,17706483.6,36399.27,2.005555556,117.77,46.24,19.56,23.988957895200002,79.8434742538,6.91267549578,80.3980431193
maize,2012,Kharif,Tamil Nadu,291052.0,946363,706.8,43890641.6,90226.12,3.498214286,77.76,48.44,19.79,22.3892039102,65.0922494467,6.2451897224,84.766987663
mungbean,2012,Kharif,Tamil Nadu,118615.0,33674,706.8,17887142.0,36770.65,0.301724138,20.99,47.28,19.87,28.5257747353,85.49997454300001,6.72395694037,48.403600902899996
rice,2012,Kharif,Tamil Nadu,1493276.0,4050334,706.8,225186020.8,462915.56,3.293225806,79.89,47.58,39.87,23.6893322105,82.2728215389,6.425470922140001,236.181113594
blackgram,2012,Kharif,Tamil Nadu,208625.0,88706,706.8,31460650.0,64673.75,0.474666667,40.02,67.47,19.24,29.9733396789,65.1184255887,7.13395162948,67.8841511832
mothbeans,1999,Kharif,Andhra Pradesh,106564.0,90556,650.4,11309637.32,28772.28,0.899444444,21.44,48.01,20.23,28.1949204842,53.16041802790001,6.83117408269,51.198487045700006
mothbeans,1999,Rabi,Andhra Pradesh,10039.0,6886,650.4,1065439.07,2710.53,0.860909091,21.44,48.01,20.23,28.1949204842,53.16041802790001,6.83117408269,51.198487045700006
cotton,1999,Kharif,Andhra Pradesh,1045704.0,1579408,650.4,110980565.5,282340.08,1.458181818,117.77,46.24,19.56,23.988957895200002,79.8434742538,6.91267549578,80.3980431193
maize,1999,Kharif,Andhra Pradesh,360070.0,1091197,650.4,38214229.1,97218.9,2.909090909,77.76,48.44,19.79,22.3892039102,65.0922494467,6.2451897224,84.766987663
maize,1999,Rabi,Andhra Pradesh,91938.0,381497,650.4,9757379.94,24823.26,4.394761905,77.76,48.44,19.79,22.3892039102,65.0922494467,6.2451897224,84.766987663
lentil,1999,Kharif,Andhra Pradesh,427217.0,152953,650.4,45340540.21,115348.59,0.375,18.77,68.36,19.41,24.509052402600002,64.8047846785,6.927931571609999,45.680454204
lentil,1999,Rabi,Andhra Pradesh,4942.0,1872,650.4,524494.46,1334.34,0.346153846,18.77,68.36,19.41,24.509052402600002,64.8047846785,6.927931571609999,45.680454204
mungbean,1999,Kharif,Andhra Pradesh,320634.0,174742,650.4,34028886.42,86571.18,0.626818182,20.99,47.28,19.87,28.5257747353,85.49997454300001,6.72395694037,48.403600902899996
mungbean,1999,Rabi,Andhra Pradesh,138055.0,36027,650.4,14651777.15,37274.85,0.335263158,20.99,47.28,19.87,28.5257747353,85.49997454300001,6.72395694037,48.403600902899996
rice,1999,Kharif,Andhra Pradesh,2848794.0,7056175,650.4,302342507.2,769174.38,2.400869565,79.89,47.58,39.87,23.6893322105,82.2728215389,6.425470922140001,236.181113594
rice,1999,Rabi,Andhra Pradesh,1165454.0,3581740,650.4,123689633.0,314672.58,2.73,79.89,47.58,39.87,23.6893322105,82.2728215389,6.425470922140001,236.181113594
blackgram,1999,Kharif,Andhra Pradesh,80258.0,48023,650.4,8517781.54,21669.66,0.607894737,40.02,67.47,19.24,29.9733396789,65.1184255887,7.13395162948,67.8841511832
blackgram,1999,Rabi,Andhra Pradesh,380593.0,246988,650.4,40392335.09,102760.11,0.508,40.02,67.47,19.24,29.9733396789,65.1184255887,7.13395162948,67.8841511832
